-- phpMyAdmin SQL Dump
-- version 5.1.2
-- https://www.phpmyadmin.net/
--
-- Host: localhost:3306
-- Generation Time: May 17, 2023 at 04:38 PM
-- Server version: 5.7.24
-- PHP Version: 8.0.1

SET SQL_MODE = "NO_AUTO_VALUE_ON_ZERO";
START TRANSACTION;
SET time_zone = "+00:00";


/*!40101 SET @OLD_CHARACTER_SET_CLIENT=@@CHARACTER_SET_CLIENT */;
/*!40101 SET @OLD_CHARACTER_SET_RESULTS=@@CHARACTER_SET_RESULTS */;
/*!40101 SET @OLD_COLLATION_CONNECTION=@@COLLATION_CONNECTION */;
/*!40101 SET NAMES utf8mb4 */;

--
-- Database: `pet_db`
--

-- --------------------------------------------------------

--
-- Table structure for table `act_group`
--

CREATE TABLE `act_group` (
  `group_sid` int(11) NOT NULL,
  `act_sid` int(11) NOT NULL,
  `group_date` date NOT NULL,
  `group_time` int(10) NOT NULL COMMENT '0上午/1下午/2全天',
  `price_adult` int(11) NOT NULL,
  `price_kid` int(11) NOT NULL COMMENT 'kid價格是adult的一半',
  `group_status` int(10) NOT NULL COMMENT '0已結束/1開放中/2已取消',
  `ppl_max` int(11) NOT NULL COMMENT '人數上限',
  `act_post_date` datetime NOT NULL
) ENGINE=InnoDB DEFAULT CHARSET=utf8mb4;

--
-- Dumping data for table `act_group`
--

INSERT INTO `act_group` (`group_sid`, `act_sid`, `group_date`, `group_time`, `price_adult`, `price_kid`, `group_status`, `ppl_max`, `act_post_date`) VALUES
(1, 1, '2023-07-15', 2, 100, 50, 1, 50, '2023-05-11 07:57:49'),
(2, 2, '2023-07-16', 2, 200, 100, 1, 300, '2023-05-11 07:57:49'),
(3, 3, '2023-07-22', 2, 300, 150, 1, 1500, '2023-05-11 07:57:49'),
(4, 4, '2023-07-23', 2, 250, 125, 1, 500, '2023-05-11 07:57:49'),
(5, 5, '2023-10-07', 1, 1500, 750, 1, 500, '2023-05-11 08:09:57'),
(6, 6, '2023-10-08', 1, 1200, 600, 1, 20, '2023-05-11 08:09:57'),
(7, 7, '2023-06-24', 0, 600, 300, 1, 15, '2023-05-11 09:05:17'),
(8, 8, '2023-10-12', 2, 350, 170, 1, 800, '2023-05-12 17:11:30'),
(9, 9, '2023-10-12', 2, 900, 450, 1, 10, '2023-05-12 17:18:09'),
(10, 10, '2023-10-12', 2, 350, 170, 1, 25, '2023-05-12 17:18:35'),
(11, 11, '2023-10-12', 2, 250, 125, 1, 300, '2023-05-12 17:20:54'),
(12, 12, '2023-10-12', 1, 150, 75, 1, 30, '2023-05-12 17:21:10'),
(13, 13, '2023-10-12', 2, 750, 375, 1, 30, '2023-05-12 17:21:38'),
(14, 14, '2023-10-12', 2, 500, 250, 1, 30, '2023-05-12 17:22:34'),
(15, 15, '2023-10-12', 2, 1200, 600, 1, 20, '2023-05-12 17:23:36'),
(16, 16, '2023-05-16', 0, 200, 100, 1, 50, '2023-05-12 17:47:03'),
(17, 17, '2023-05-20', 0, 200, 100, 1, 2, '2023-05-12 17:47:03'),
(18, 18, '2023-10-12', 1, 800, 400, 1, 20, '2023-05-12 17:52:29'),
(19, 19, '2023-10-12', 2, 350, 175, 1, 20, '2023-05-12 17:55:07'),
(20, 20, '2023-10-12', 2, 350, 175, 1, 300, '2023-05-12 23:21:17'),
(21, 21, '2023-05-20', 2, 750, 375, 1, 10, '2023-05-12 23:21:17'),
(22, 22, '2023-10-12', 2, 250, 125, 1, 200, '2023-05-12 23:26:50'),
(23, 23, '2023-05-19', 2, 500, 250, 1, 10, '2023-05-12 23:29:52'),
(24, 24, '2023-05-19', 2, 350, 175, 1, 50, '2023-05-12 23:32:36'),
(25, 25, '2023-05-19', 2, 500, 250, 1, 25, '2023-05-12 23:34:40'),
(26, 26, '2023-05-19', 2, 500, 250, 1, 20, '2023-05-13 10:36:52'),
(27, 27, '2023-05-19', 2, 250, 234, 1, 25, '2023-05-13 11:14:24'),
(28, 28, '2023-05-19', 1, 250, 234, 1, 15, '2023-05-13 11:15:56'),
(29, 29, '2023-05-19', 1, 250, 234, 1, 10, '2023-05-13 11:18:23'),
(30, 30, '2023-05-19', 1, 250, 234, 1, 30, '2023-05-13 11:22:42'),
(31, 31, '2023-05-19', 1, 250, 234, 1, 25, '2023-05-13 11:24:32'),
(32, 32, '2023-05-19', 2, 1234, 4567, 1, 25, '2023-05-13 11:27:24'),
(33, 33, '2023-05-19', 2, 250, 125, 1, 25, '2023-05-13 11:30:37'),
(34, 34, '2023-05-19', 2, 250, 125, 1, 25, '2023-05-13 11:39:36'),
(35, 35, '2023-05-19', 0, 250, 125, 1, 25, '2023-05-13 11:39:55'),
(36, 36, '2023-05-19', 2, 1200, 600, 1, 30, '2023-05-13 11:45:17'),
(37, 37, '2023-05-19', 2, 250, 125, 1, 25, '2023-05-13 11:49:15'),
(38, 38, '2023-05-27', 2, 250, 125, 1, 25, '2023-05-13 11:49:15'),
(39, 39, '2023-05-19', 2, 350, 125, 1, 500, '2023-05-13 11:50:31'),
(40, 40, '2023-05-19', 0, 250, 125, 1, 25, '2023-05-13 11:51:11'),
(41, 41, '2023-05-20', 0, 250, 125, 1, 25, '2023-05-13 11:51:11'),
(42, 42, '2023-05-19', 0, 250, 125, 1, 25, '2023-05-13 11:57:35'),
(43, 43, '2023-05-19', 2, 300, 150, 1, 100, '2023-05-13 12:00:13'),
(44, 44, '2023-05-19', 0, 250, 125, 1, 25, '2023-05-13 12:00:35'),
(45, 45, '2023-05-19', 2, 200, 100, 1, 50, '2023-05-13 12:21:01'),
(46, 45, '2023-05-19', 2, 250, 125, 1, 25, '2023-05-13 12:28:20'),
(47, 47, '2023-05-19', 2, 250, 125, 1, 25, '2023-05-13 12:28:54'),
(48, 48, '2023-05-19', 1, 300, 150, 1, 50, '2023-05-13 12:29:40'),
(49, 49, '2023-05-19', 2, 250, 125, 1, 25, '2023-05-13 12:31:12'),
(50, 50, '2023-05-19', 2, 450, 225, 1, 25, '2023-05-13 13:41:42'),
(51, 51, '2023-05-19', 1, 850, 425, 1, 25, '2023-05-13 13:46:49'),
(52, 52, '2023-05-19', 2, 250, 125, 1, 25, '2023-05-13 13:46:53'),
(53, 53, '2023-05-19', 2, 250, 125, 1, 25, '2023-05-13 13:48:32'),
(54, 54, '2023-05-19', 1, 250, 125, 1, 25, '2023-05-13 23:30:13'),
(55, 55, '2023-05-16', 1, 100, 50, 1, 50, '2023-05-14 10:20:07');

-- --------------------------------------------------------

--
-- Table structure for table `act_info`
--

CREATE TABLE `act_info` (
  `act_sid` int(11) NOT NULL,
  `type_sid` int(11) NOT NULL,
  `act_name` varchar(255) NOT NULL,
  `act_content` varchar(255) NOT NULL,
  `act_policy` varchar(255) NOT NULL,
  `act_city` varchar(255) NOT NULL,
  `act_area` varchar(255) NOT NULL,
  `act_address` varchar(255) NOT NULL,
  `act_pic_sid` int(11) NOT NULL,
  `act_pet_type` int(10) NOT NULL COMMENT '0貓/1狗/2皆可',
  `act_from` int(10) NOT NULL COMMENT '0平台/1會員',
  `post_status` int(10) NOT NULL COMMENT '0已上架/1未上架'
) ENGINE=InnoDB DEFAULT CHARSET=utf8mb4;

--
-- Dumping data for table `act_info`
--

INSERT INTO `act_info` (`act_sid`, `type_sid`, `act_name`, `act_content`, `act_policy`, `act_city`, `act_area`, `act_address`, `act_pic_sid`, `act_pet_type`, `act_from`, `post_status`) VALUES
(1, 3, '台北與毛家庭有約，邀你一起來挺寵！', '本活動規劃了一系列的項目，包含全台首創、專業五大分科的毛孩免費健診、由獸醫師親自授課的飼主講座，以及毛爸媽最喜歡的毛孩市集！', '', '台北市', '中正區', '八德路一段1號', 1, 2, 0, 1),
(2, 3, '台北寵物用品博覽會暨台灣貓節', '寵物用品博覽會匯集全台各大寵物用品廠商，提供最新寵物用品、飼料零食、保健營養品、服飾配件、美容清潔、住宿醫療等週邊服務。本展歡迎所有寵物愛好者攜帶寵物一同入場參觀！除了提供年度最優惠的商品促銷外，更規畫一系列與愛寵同歡的趣味活動，並邀請專業講師至現場免費授課。', '', '台北市', '南港區', '經貿二路1號(台北南港展覽館)', 2, 2, 0, 1),
(3, 2, '毛小孩公益路跑', '毛小孩對許多人來說，已經是家人般的存在，\r\n想與孩子生活長久，一起創造更多美好的回憶嗎？\r\n守護毛孩健康，今年一定要參加和毛孩一起路跑活動！', '·親子寵物3公里賽程每500公尺都有喝水站不怕毛小孩沒水喝\r\n·現場起跑區有物品保管區，但不擔保貴重物品之保管責任，貴重物品請自行攜帶，避免遺失\r\n·在不影響跑者參加者權益為前題下，如賽道寬度、補給站之補給品、安全服務下可以陪跑', '新北市', '三重區', '疏洪十六路', 3, 2, 0, 0),
(4, 1, '狗狗戶外派對', '歡迎帶著您的狗狗一同參加我們的戶外派對。', '請攜帶狗狗的飲水器及狗糧，並確保狗狗的基本疫苗已完成。', '台北市', '信義區', '象山公園', 4, 1, 0, 0),
(5, 2, '貓咪玩具工作坊', '來參加我們的貓咪玩具工作坊，一起製作獨特的貓咪玩具。', '所有工作坊材料都將提供。無需任何手工藝經驗。', '新北市', '板橋區', '公館寵物公園', 5, 0, 1, 0),
(6, 5, '狗狗訓練班', '帶您的狗狗參加我們的訓練班，讓牠學會基本的指令和社交技巧。', '參加前請確保狗狗已施打疫苗並攜帶狗狗證明文件。', '台中市', '南區', '綠園道寵物公園', 6, 1, 0, 0),
(7, 1, '貓咪瑜伽課', '在我們的貓咪瑜伽課中與貓咪一同放鬆身心。', '請穿著舒適的運動服，並遵守課堂規則。', '高雄市', '三民區', '愛河河畔公園', 7, 2, 1, 0),
(8, 3, '狗狗搖籃曲音樂會', '帶著您的狗狗一同享受悅耳的搖籃曲音樂會。', '請攜帶狗狗的毛巾和玩具，並確保狗狗的基本疫苗已完成。', '台中市', '西屯區', '草悟道寵物公園', 8, 1, 0, 0),
(9, 1, '貓咪美容沙龍', '給您的貓咪一次舒適的美容體驗，在我們的沙龍中照顧牠們的外貌和舒適度。', '請提前預約，並了解美容過程中的相關事項。', '新北市', '三峽區', '幸福寵物美容沙龍', 9, 0, 1, 0),
(10, 2, '狗狗游泳日', '在我們的狗狗游泳日活動中，讓您的狗狗盡情嬉水。', '請攜帶狗狗的游泳衣物和毛巾，並確保狗狗能夠適應水環境。', '高雄市', '鳳山區', '鳳山海灣狗狗游泳區', 10, 1, 0, 0),
(11, 4, '貓咪知識講座', '參加我們的貓咪知識講座，了解貓咪的行為和飼養技巧。', '講座內容適合貓咪愛好者和飼主參加。', '台北市', '大安區', '國立貓咪博物館', 11, 0, 1, 0),
(12, 1, '貓咪攀爬比賽', '參加我們的貓咪攀爬比賽，看看誰是最快的爬者！', '比賽前請確保貓咪健康並有基本攀爬能力。', '新北市', '板橋區', '寵物樂園攀爬場', 12, 0, 1, 0),
(13, 2, '狗狗派對', '帶著您的狗狗來參加我們的派對，讓牠們與其他狗狗玩耍交流。', '請攜帶狗狗的玩具和食物，並遵守場地規定。', '台中市', '北區', '寵物天地公園', 13, 1, 0, 0),
(14, 3, '貓咪瑜伽課程', '在我們的貓咪瑜伽課程中，與貓咪一同享受伸展和放鬆的時光。', '請確保貓咪對瑜伽環境感到舒適，並遵守指導員的指示。', '高雄市', '三民區', '寵物瑜伽中心', 14, 0, 1, 0),
(15, 5, '狗狗訓練工作坊', '參加我們的狗狗訓練工作坊，學習基本訓練技巧和行為調教。', '請攜帶狗狗的食物和訓練用具，並遵守專業訓練師的指示。', '台南市', '北區', '寵物訓練學院', 15, 1, 0, 0),
(16, 1, '狗狗派對', '歡迎所有狗狗的派對活動，讓牠們一起玩耍交朋友。', '請攜帶狗狗所需的食物和用品，保持環境清潔。', '台北市', '信義區', '信義公園', 16, 1, 0, 0),
(17, 2, '貓咪聚會', '喜愛貓咪的朋友們一起參加的聚會，分享養貓心得和經驗。', '請攜帶貓咪的玩具和食物，保持場地整潔和安靜。', '新北市', '永和區', '永和公園', 17, 0, 0, 0),
(18, 4, '狗狗訓練班', '教導狗狗基本的訓練技巧和服從命令，提高牠們的紀律性。', '請攜帶狗狗的項圈和繩索，保持訓練班秩序和安全。', '台中市', '西屯區', '狗狗訓練中心', 18, 1, 0, 0),
(19, 4, '貓咪寶寶課程', '為貓咪提供寶寶成長階段的專業照顧和培養技巧。', '請攜帶貓咪的尿布和寶寶食品，保護貓咪的安全和健康。', '高雄市', '鳳山區', '貓咪寶寶學院', 19, 0, 0, 0),
(20, 1, '狗狗樂園', '專為狗狗設計的遊樂場所，提供各種運動和娛樂設施。', '請攜帶狗狗的玩具和飲水器，維護樂園的整潔和安全。', '台南市', '安南區', '狗狗樂園公園', 20, 1, 0, 0),
(21, 2, '貓咪美容沙龍', '專業的貓咪美容服務，包括洗澡、修剪指甲和毛髮造型。', '請告知貓咪的美容需求，提前預約服務時間。', '桃園市', '中壢區', '貓咪美容沙龍', 21, 0, 0, 0),
(22, 4, '狗狗健康講座', '了解如何照顧狗狗的健康和預防常見疾病的知識和技巧。', '請攜帶狗狗的健康紀錄和問題。', '新竹市', '東區', '狗狗健康中心', 22, 1, 0, 0),
(23, 2, '貓咪換毛季護理', '教導貓咪換毛季的護理方法和減輕過敏症狀的技巧。', '請攜帶貓咪的護理用品和問題，與專家進行交流和指導。', '苗栗縣', '苗栗市', '貓咪換毛季護理中心', 23, 0, 0, 0),
(24, 1, '狗狗比賽大會', '舉辦狗狗比賽，包括各種技能和品種的評選和表演。', '請攜帶狗狗的比賽證明和訓練用品，遵守比賽規則和安全要求。', '嘉義市', '西區', '狗狗比賽場', 24, 1, 0, 0),
(25, 2, '貓咪舞蹈班', '教授貓咪舞蹈動作和協調訓練，增強貓咪的靈活性和身體控制。', '請攜帶貓咪的玩具和活動空間，保持舞蹈班的安全和秩序。', '彰化縣', '彰化市', '貓咪舞蹈學院', 25, 0, 0, 0),
(26, 2, '寵物攝影工作坊', '學習如何拍攝出色的寵物照片，在我們的攝影工作坊中磨練攝影技巧。', '參加前請自備相機和記憶卡，並瞭解基本攝影知識。', '台中市', '南區', '中興公園', 26, 2, 0, 0),
(27, 1, '狗狗健走活動', '帶著狗狗一同享受健康的步行運動，增進彼此的互動與健康。', '請攜帶狗狗的牽繩和飲水器，維護公共秩序和環境清潔。', '新北市', '三重區', '三重公園', 27, 1, 0, 0),
(28, 2, '貓咪插花課程', '將插花藝術與貓咪結合，創造出獨特且可愛的花藝作品。', '請攜帶貓咪的安全盒和花材，注意貓咪的舒適度和安全性。', '台南市', '北區', '貓咪插花藝術館', 28, 0, 0, 0),
(29, 1, '狗狗聽力訓練', '訓練狗狗的聽力反應和指令理解能力，提升牠們的溝通能力。', '請攜帶狗狗的頸圈和訓練用具，遵從訓練師的指導和安排。', '高雄市', '楠梓區', '狗狗聽力訓練中心', 29, 1, 0, 0),
(30, 2, '貓咪時尚秀', '舉辦貓咪時尚秀，展示各種貓咪造型和服飾的時尚搭配。', '請攜帶貓咪的服飾和妝容，遵守秀場的規則和要求。', '台東縣', '台東市', '貓咪時尚秀場', 30, 0, 0, 0),
(31, 1, '狗狗游泳比賽', '舉辦狗狗游泳比賽，測試狗狗的游泳技巧和速度。', '請攜帶狗狗的游泳裝備和比賽證明，保護狗狗的安全和健康。', '基隆市', '安樂區', '狗狗游泳比賽場', 31, 1, 0, 0),
(32, 2, '貓咪手作工藝', '教授貓咪主題的手作工藝製作，創造獨特且可愛的手工藝品。', '請攜帶貓咪的安全盒和手工材料，注意貓咪的舒適度和安全性。', '新竹縣', '竹北市', '貓咪手作工藝教室', 32, 0, 0, 0),
(33, 1, '狗狗演技班', '教導狗狗表演技巧和訓練，培養牠們的演技和表演能力。', '請攜帶狗狗的項圈和訓練用具，遵從教練的指導和訓練計劃。', '苗栗縣', '頭份市', '狗狗演技訓練學院', 33, 1, 0, 0),
(34, 2, '貓咪舞台劇', '舉辦貓咪舞台劇表演，展示貓咪的戲劇才藝和表演技巧。', '請攜帶貓咪的表演道具和妝容，遵守劇場的規範和安全要求。', '花蓮縣', '花蓮市', '貓咪舞台劇場', 34, 0, 0, 0),
(35, 1, '狗狗機動競賽', '舉辦狗狗的機動競賽，考驗牠們的敏捷性和反應能力。', '請攜帶狗狗的競賽證明和訓練用具，遵守競賽規則和安全要求。', '屏東縣', '屏東市', '狗狗機動競賽場', 35, 1, 0, 0),
(36, 1, '寵物健康體檢', '提供寵物健康檢查服務，讓你的狗貓維持良好的身體狀態。', '請攜帶寵物的醫療紀錄和飲食習慣，提前預約體檢時間。', '新北市', '板橋區', '板橋區中山路100號', 36, 2, 0, 0),
(37, 2, '寵物美容沐浴', '提供寵物專屬的美容沐浴服務，讓你的狗貓保持清潔舒適的外貌。', '請攜帶寵物的洗澡用具和個人護理品，維持良好的衛生習慣。', '台中市', '北區', '北區中清路200號', 37, 2, 0, 0),
(38, 5, '狗狗訓練班', '舉辦狗狗訓練班，幫助狗主人培養良好的訓練技巧和狗狗之間的默契。', '請攜帶狗狗的鍊條和食物，維護活動場地的整潔和安全。', '新竹縣', '竹北市', '竹北市中正路300號', 38, 1, 0, 0),
(39, 2, '貓咪寵物展覽', '舉辦貓咪寵物展覽活動，展示各式各樣可愛的貓咪品種。', '請攜帶相機和相機記憶卡，禁止攜帶其他寵物參觀。', '台南市', '中西區', '中西區民生路400號', 39, 0, 0, 0),
(40, 1, '狗狗戶外訓練', '進行戶外訓練課程，讓狗狗在自然環境中學習基本指令和社交技巧。', '請攜帶狗狗的鍊條和飲食用具，保持環境整潔和安全。', '桃園市', '中壢區', '中壢區中山路500號', 40, 1, 0, 0),
(41, 2, '貓咪美容護理', '提供貓咪專屬的美容護理服務，讓你的貓咪保持美麗乾淨的外貌。', '請攜帶貓咪的洗澡用具和個人護理品，維持良好的衛生習慣。', '高雄市', '三民區', '三民區民族路600號', 41, 0, 0, 0),
(42, 1, '狗狗游泳樂趣', '舉辦狗狗游泳活動，讓狗狗們在水中盡情遊玩和放鬆。', '請攜帶狗狗的游泳裝備和個人護理用品，注意安全和衛生。', '新北市', '三峽區', '三峽區中央路700號', 42, 1, 0, 0),
(43, 2, '貓咪音樂治療', '透過音樂治療為貓咪提供放鬆和舒緩壓力的環境，促進身心健康。', '請維護場地的安靜和舒適，禁止攜帶其他寵物參與。', '台中市', '南區', '南區建國路800號', 43, 0, 0, 0),
(44, 1, '狗狗社交派對', '舉辦狗狗社交派對，讓狗狗們互相認識和玩耍。', '請攜帶狗狗的玩具和食物，維護場地的整潔和安全。', '高雄市', '小港區', '小港區中山路900號', 44, 1, 0, 0),
(45, 2, '貓咪環境豐富化', '提供貓咪環境豐富化的訓練課程，讓貓咪擁有更多的遊戲和休息空間。', '請攜帶貓咪的玩具和食物，為貓咪創造安全和有趣的環境。', '台北市', '信義區', '信義區忠孝路1000號', 45, 0, 0, 0),
(46, 1, '狗狗擂台賽', '舉辦狗狗擂台賽，展示狗狗們的才能和運動能力。', '請攜帶狗狗的牽繩和食物，維護比賽場地的秩序和安全。', '新竹縣', '竹東鎮', '竹東鎮中正路1100號', 46, 1, 0, 0),
(47, 2, '貓咪寵物咖啡廳', '開設貓咪主題的寵物咖啡廳，讓人們與可愛的貓咪互動和放鬆。', '請遵守店內的規定和貓咪的福利，禁止攜帶其他寵物進入。', '高雄市', '左營區', '左營區自由路1200號', 47, 0, 0, 0),
(48, 1, '狗狗派對活動', '舉辦狗狗派對活動，讓狗狗和主人一起度過快樂的時光。', '請攜帶狗狗的玩具和食物，維護活動場地的整潔和安全。', '新北市', '淡水區', '淡水區中正路1300號', 48, 1, 0, 0),
(49, 2, '貓咪美容造型', '提供貓咪專屬的美容造型服務，讓你的貓咪時尚迷人。', '請攜帶貓咪的洗澡用具和個人護理品，維持良好的衛生習慣。', '台南市', '安南區', '安南區民權路1400號', 49, 0, 0, 0),
(50, 1, '狗狗樂器表演', '舉辦狗狗樂器表演，展示狗狗們的音樂才能和訓練成果。', '請維護場地的安靜和舒適，禁止攜帶其他\r\n\r\n寵物參與。', '台中市', '西屯區', '西屯區台中路1500號', 50, 1, 0, 0),
(51, 2, '貓咪瑜珈課程', '舉辦貓咪瑜珈課程，讓貓咪和主人一起享受身心放鬆的時光。', '請攜帶瑜珈墊和貓咪的玩具，維護場地的整潔和安全。', '桃園市', '龍潭區', '龍潭區中華路1600號', 51, 0, 0, 0),
(52, 1, '狗狗追蹤比賽', '舉辦狗狗追蹤比賽，考驗狗狗們的嗅覺和尋找能力。', '請攜帶狗狗的牽繩和食物，維護比賽場地的秩序和安全。', '新竹市', '東區', '東區中央路1700號', 52, 1, 0, 0),
(53, 2, '貓咪社交聚會', '舉辦貓咪社交聚會，讓貓咪們互相認識和交流。', '請攜帶貓咪的玩具和食物，維護場地的整潔和安全。', '高雄市', '鼓山區', '鼓山區中華路1800號', 53, 0, 0, 0),
(54, 1, '狗狗寶物尋找', '舉辦狗狗寶物尋找活動，讓狗狗們展現嗅覺和尋找能力。', '請攜帶狗狗的牽繩和食物，維護活動場地的整潔和安全。', '台北市', '大同區', '大同區中山路1900號', 54, 1, 0, 0),
(55, 2, '貓咪藝術工作坊', '舉辦貓咪藝術工作坊，讓貓咪和主人一起創作藝術作品。', '請攜帶藝術材料和貓咪的玩具，維護場地的整潔和安全。', '新北市', '永和區', '永和區中正路2000號', 55, 0, 0, 0);

-- --------------------------------------------------------

--
-- Table structure for table `act_pic`
--

CREATE TABLE `act_pic` (
  `act_pic_sid` int(11) NOT NULL,
  `act_sid` int(11) NOT NULL,
  `act_pic` varchar(255) NOT NULL
) ENGINE=InnoDB DEFAULT CHARSET=utf8mb4;

-- --------------------------------------------------------

--
-- Table structure for table `act_type`
--

CREATE TABLE `act_type` (
  `type_sid` int(11) NOT NULL,
  `type_name` varchar(255) NOT NULL
) ENGINE=InnoDB DEFAULT CHARSET=utf8mb4;

--
-- Dumping data for table `act_type`
--

INSERT INTO `act_type` (`type_sid`, `type_name`) VALUES
(1, '主題派對'),
(2, '在地活動'),
(3, '市集展覽'),
(4, '毛孩講座'),
(5, '寵物學校');

-- --------------------------------------------------------

--
-- Table structure for table `mem_address`
--

CREATE TABLE `mem_address` (
  `address_sid` int(11) NOT NULL,
  `member_sid` varchar(255) NOT NULL,
  `order_sid` varchar(255) DEFAULT NULL COMMENT '訂單編號(地址來源)',
  `address` varchar(255) NOT NULL,
  `default_status` int(1) NOT NULL COMMENT '１：預設地址 ０：普通地址',
  `create_time` datetime NOT NULL DEFAULT CURRENT_TIMESTAMP,
  `update_time` datetime NOT NULL DEFAULT CURRENT_TIMESTAMP
) ENGINE=InnoDB DEFAULT CHARSET=utf8mb4;

--
-- Dumping data for table `mem_address`
--

INSERT INTO `mem_address` (`address_sid`, `member_sid`, `order_sid`, `address`, `default_status`, `create_time`, `update_time`) VALUES
(1, 'mem00001', 'ORD00002', 'asdfadf', 0, '2023-05-17 10:48:26', '2023-05-17 10:48:26'),
(2, 'mem00001', 'ORD00003', 'lkjsdf', 0, '2023-05-17 12:40:17', '2023-05-17 12:40:17');

-- --------------------------------------------------------

--
-- Table structure for table `mem_admin`
--

CREATE TABLE `mem_admin` (
  `admin_sid` int(11) NOT NULL,
  `admin_name` varchar(255) NOT NULL,
  `admin_account` varchar(255) NOT NULL,
  `admin_password` varchar(255) NOT NULL,
  `create_time` datetime NOT NULL DEFAULT CURRENT_TIMESTAMP
) ENGINE=InnoDB DEFAULT CHARSET=utf8mb4;

--
-- Dumping data for table `mem_admin`
--

INSERT INTO `mem_admin` (`admin_sid`, `admin_name`, `admin_account`, `admin_password`, `create_time`) VALUES
(1, 'pet', 'pet001', '$2y$10$6s7nttvjDQ5Adj7QX7f1kO89pptCwxIVF/CMWQVCkrZFbI79eva9y', '2023-05-11 18:22:51');

-- --------------------------------------------------------

--
-- Table structure for table `mem_coupon_send`
--

CREATE TABLE `mem_coupon_send` (
  `couponSend_sid` int(11) NOT NULL,
  `coupon_sid` varchar(255) NOT NULL,
  `member_sid` varchar(255) NOT NULL,
  `coupon_status` int(1) NOT NULL COMMENT '0:not used 1:used',
  `used_time` datetime DEFAULT CURRENT_TIMESTAMP,
  `create_time` datetime NOT NULL DEFAULT CURRENT_TIMESTAMP
) ENGINE=InnoDB DEFAULT CHARSET=utf8mb4;

--
-- Dumping data for table `mem_coupon_send`
--

INSERT INTO `mem_coupon_send` (`couponSend_sid`, `coupon_sid`, `member_sid`, `coupon_status`, `used_time`, `create_time`) VALUES
(1, 'COUPON00003', 'mem00290', 0, NULL, '2023-02-27 00:00:00'),
(2, 'COUPON00002', 'mem00129', 1, '2023-01-23 21:00:00', '2023-01-09 00:00:00'),
(3, 'COUPON00003', 'mem00276', 0, NULL, '2023-04-25 00:00:00'),
(4, 'COUPON00003', 'mem00490', 1, '2023-02-02 11:00:00', '2023-01-27 00:00:00'),
(5, 'COUPON00005', 'mem00122', 0, NULL, '2023-02-05 00:00:00'),
(6, 'COUPON00002', 'mem00140', 1, '2023-01-07 15:00:00', '2022-11-21 00:00:00'),
(7, 'COUPON00005', 'mem00331', 0, NULL, '2022-10-29 00:00:00'),
(8, 'COUPON00003', 'mem00237', 0, NULL, '2023-02-18 00:00:00'),
(9, 'COUPON00005', 'mem00193', 0, NULL, '2022-10-05 00:00:00'),
(10, 'COUPON00003', 'mem00250', 0, NULL, '2023-02-15 00:00:00'),
(11, 'COUPON00006', 'mem00172', 0, NULL, '2022-12-03 00:00:00'),
(12, 'COUPON00001', 'mem00110', 1, '2023-01-06 20:00:00', '2022-11-29 00:00:00'),
(13, 'COUPON00001', 'mem00034', 0, NULL, '2022-05-29 00:00:00'),
(14, 'COUPON00001', 'mem00338', 1, '2023-03-17 07:00:00', '2023-01-25 00:00:00'),
(15, 'COUPON00006', 'mem00090', 1, '2022-09-12 01:00:00', '2022-08-23 00:00:00'),
(16, 'COUPON00002', 'mem00434', 0, NULL, '2022-09-25 00:00:00'),
(17, 'COUPON00003', 'mem00398', 1, '2022-05-17 04:00:00', '2022-05-11 00:00:00'),
(18, 'COUPON00004', 'mem00187', 0, NULL, '2023-05-12 00:00:00'),
(19, 'COUPON00002', 'mem00240', 0, NULL, '2023-03-20 00:00:00'),
(20, 'COUPON00001', 'mem00139', 0, NULL, '2022-08-15 00:00:00'),
(21, 'COUPON00003', 'mem00474', 1, '2023-04-22 17:00:00', '2023-03-23 00:00:00'),
(22, 'COUPON00006', 'mem00452', 1, '2022-10-30 02:00:00', '2022-10-15 00:00:00'),
(23, 'COUPON00001', 'mem00338', 1, '2023-02-07 04:00:00', '2022-12-26 00:00:00'),
(24, 'COUPON00001', 'mem00336', 1, '2023-04-27 17:00:00', '2023-03-08 00:00:00'),
(25, 'COUPON00005', 'mem00163', 1, '2022-07-20 03:00:00', '2022-07-16 00:00:00'),
(26, 'COUPON00003', 'mem00308', 0, NULL, '2022-11-30 00:00:00'),
(27, 'COUPON00004', 'mem00048', 1, '2022-08-30 08:00:00', '2022-07-13 00:00:00'),
(28, 'COUPON00002', 'mem00318', 0, NULL, '2022-08-15 00:00:00'),
(29, 'COUPON00003', 'mem00446', 0, NULL, '2023-03-10 00:00:00'),
(30, 'COUPON00001', 'mem00273', 1, '2022-09-28 08:00:00', '2022-08-10 00:00:00'),
(31, 'COUPON00004', 'mem00027', 0, NULL, '2023-03-28 00:00:00'),
(32, 'COUPON00005', 'mem00316', 1, '2023-01-03 16:00:00', '2022-11-23 00:00:00'),
(33, 'COUPON00003', 'mem00500', 1, '2022-06-06 10:00:00', '2022-06-06 00:00:00'),
(34, 'COUPON00002', 'mem00051', 1, '2023-05-20 21:00:00', '2023-03-25 00:00:00'),
(35, 'COUPON00001', 'mem00254', 1, '2022-06-16 09:00:00', '2022-05-04 00:00:00'),
(36, 'COUPON00003', 'mem00115', 1, '2022-12-13 04:00:00', '2022-10-28 00:00:00'),
(37, 'COUPON00002', 'mem00315', 0, NULL, '2022-09-06 00:00:00'),
(38, 'COUPON00005', 'mem00228', 0, NULL, '2022-08-08 00:00:00'),
(39, 'COUPON00005', 'mem00195', 0, NULL, '2022-08-22 00:00:00'),
(40, 'COUPON00003', 'mem00292', 1, '2023-03-06 17:00:00', '2023-01-25 00:00:00'),
(41, 'COUPON00006', 'mem00375', 0, NULL, '2022-12-29 00:00:00'),
(42, 'COUPON00003', 'mem00499', 0, NULL, '2022-05-22 00:00:00'),
(43, 'COUPON00006', 'mem00369', 1, '2022-09-28 02:00:00', '2022-09-23 00:00:00'),
(44, 'COUPON00005', 'mem00345', 1, '2023-03-02 04:00:00', '2023-02-07 00:00:00'),
(45, 'COUPON00002', 'mem00120', 0, NULL, '2022-11-25 00:00:00'),
(46, 'COUPON00005', 'mem00064', 1, '2022-12-23 14:00:00', '2022-11-13 00:00:00'),
(47, 'COUPON00003', 'mem00461', 1, '2023-05-05 10:00:00', '2023-04-22 00:00:00'),
(48, 'COUPON00002', 'mem00110', 0, NULL, '2022-06-16 00:00:00'),
(49, 'COUPON00002', 'mem00167', 1, '2023-03-13 08:00:00', '2023-03-08 00:00:00'),
(50, 'COUPON00004', 'mem00005', 0, NULL, '2023-01-26 00:00:00'),
(51, 'COUPON00002', 'mem00024', 1, '2022-07-23 10:00:00', '2022-06-07 00:00:00'),
(52, 'COUPON00004', 'mem00102', 0, NULL, '2022-09-16 00:00:00'),
(53, 'COUPON00002', 'mem00440', 1, '2022-12-20 05:00:00', '2022-11-14 00:00:00'),
(54, 'COUPON00003', 'mem00394', 0, NULL, '2022-11-06 00:00:00'),
(55, 'COUPON00001', 'mem00148', 0, NULL, '2023-04-23 00:00:00'),
(56, 'COUPON00004', 'mem00057', 1, '2022-08-22 18:00:00', '2022-07-12 00:00:00'),
(57, 'COUPON00004', 'mem00341', 1, '2022-08-03 01:00:00', '2022-06-24 00:00:00'),
(58, 'COUPON00003', 'mem00035', 1, '2022-07-07 02:00:00', '2022-06-22 00:00:00'),
(59, 'COUPON00001', 'mem00150', 1, '2022-08-23 07:00:00', '2022-08-08 00:00:00'),
(60, 'COUPON00002', 'mem00143', 0, NULL, '2023-04-07 00:00:00'),
(61, 'COUPON00002', 'mem00267', 0, NULL, '2023-01-16 00:00:00'),
(62, 'COUPON00001', 'mem00403', 1, '2023-03-07 02:00:00', '2023-02-04 00:00:00'),
(63, 'COUPON00006', 'mem00214', 1, '2023-02-09 15:00:00', '2022-12-22 00:00:00'),
(64, 'COUPON00001', 'mem00362', 1, '2023-05-06 23:00:00', '2023-04-02 00:00:00'),
(65, 'COUPON00006', 'mem00168', 0, NULL, '2022-11-30 00:00:00'),
(66, 'COUPON00006', 'mem00251', 0, NULL, '2022-06-26 00:00:00'),
(67, 'COUPON00003', 'mem00254', 1, '2022-06-21 21:00:00', '2022-05-27 00:00:00'),
(68, 'COUPON00006', 'mem00014', 0, NULL, '2023-04-08 00:00:00'),
(69, 'COUPON00002', 'mem00308', 0, NULL, '2022-08-14 00:00:00'),
(70, 'COUPON00004', 'mem00497', 0, NULL, '2023-01-20 00:00:00'),
(71, 'COUPON00004', 'mem00061', 1, '2023-01-20 11:00:00', '2022-12-27 00:00:00'),
(72, 'COUPON00004', 'mem00314', 1, '2022-07-11 15:00:00', '2022-05-28 00:00:00'),
(73, 'COUPON00004', 'mem00385', 1, '2022-11-27 20:00:00', '2022-10-29 00:00:00'),
(74, 'COUPON00002', 'mem00484', 1, '2022-07-15 05:00:00', '2022-06-30 00:00:00'),
(75, 'COUPON00003', 'mem00265', 0, NULL, '2022-09-17 00:00:00'),
(76, 'COUPON00001', 'mem00371', 1, '2022-10-27 12:00:00', '2022-09-11 00:00:00'),
(77, 'COUPON00004', 'mem00062', 0, NULL, '2023-01-04 00:00:00'),
(78, 'COUPON00004', 'mem00193', 0, NULL, '2022-07-20 00:00:00'),
(79, 'COUPON00006', 'mem00280', 0, NULL, '2022-06-06 00:00:00'),
(80, 'COUPON00001', 'mem00320', 1, '2023-03-29 01:00:00', '2023-03-22 00:00:00'),
(81, 'COUPON00006', 'mem00262', 0, NULL, '2023-05-05 00:00:00'),
(82, 'COUPON00006', 'mem00346', 1, '2022-08-30 15:00:00', '2022-08-15 00:00:00'),
(83, 'COUPON00006', 'mem00445', 1, '2023-01-02 21:00:00', '2022-11-07 00:00:00'),
(84, 'COUPON00006', 'mem00188', 0, NULL, '2023-01-05 00:00:00'),
(85, 'COUPON00006', 'mem00102', 0, NULL, '2023-02-17 00:00:00'),
(86, 'COUPON00004', 'mem00449', 1, '2023-05-27 16:00:00', '2023-03-31 00:00:00'),
(87, 'COUPON00001', 'mem00435', 0, NULL, '2022-05-30 00:00:00'),
(88, 'COUPON00004', 'mem00328', 1, '2023-04-11 16:00:00', '2023-02-13 00:00:00'),
(89, 'COUPON00001', 'mem00335', 0, NULL, '2022-11-26 00:00:00'),
(90, 'COUPON00004', 'mem00191', 1, '2022-12-23 08:00:00', '2022-10-29 00:00:00'),
(91, 'COUPON00004', 'mem00449', 1, '2023-03-19 19:00:00', '2023-02-04 00:00:00'),
(92, 'COUPON00001', 'mem00171', 1, '2022-09-18 21:00:00', '2022-07-28 00:00:00'),
(93, 'COUPON00005', 'mem00007', 1, '2023-05-16 03:00:00', '2023-05-03 00:00:00'),
(94, 'COUPON00001', 'mem00021', 1, '2022-07-11 20:00:00', '2022-06-15 00:00:00'),
(95, 'COUPON00005', 'mem00084', 1, '2023-03-02 18:00:00', '2023-01-27 00:00:00'),
(96, 'COUPON00003', 'mem00359', 1, '2022-08-14 07:00:00', '2022-07-12 00:00:00'),
(97, 'COUPON00006', 'mem00039', 1, '2023-03-10 07:00:00', '2023-03-08 00:00:00'),
(98, 'COUPON00001', 'mem00118', 1, '2022-12-13 10:00:00', '2022-11-12 00:00:00'),
(99, 'COUPON00003', 'mem00473', 1, '2022-07-13 09:00:00', '2022-06-13 00:00:00'),
(100, 'COUPON00001', 'mem00012', 1, '2022-07-08 12:00:00', '2022-05-12 00:00:00'),
(101, 'COUPON00003', 'mem00140', 0, NULL, '2023-03-06 00:00:00'),
(102, 'COUPON00006', 'mem00161', 1, '2023-05-17 13:00:00', '2023-05-01 00:00:00'),
(103, 'COUPON00001', 'mem00387', 1, '2022-10-13 00:00:00', '2022-09-13 00:00:00'),
(104, 'COUPON00005', 'mem00450', 0, NULL, '2023-04-09 00:00:00'),
(105, 'COUPON00003', 'mem00090', 0, NULL, '2022-10-14 00:00:00'),
(106, 'COUPON00006', 'mem00098', 1, '2022-12-09 13:00:00', '2022-10-30 00:00:00'),
(107, 'COUPON00003', 'mem00220', 1, '2022-07-25 16:00:00', '2022-06-03 00:00:00'),
(108, 'COUPON00006', 'mem00307', 0, NULL, '2022-05-03 00:00:00'),
(109, 'COUPON00004', 'mem00373', 1, '2023-03-09 18:00:00', '2023-02-16 00:00:00'),
(110, 'COUPON00002', 'mem00443', 0, NULL, '2023-03-03 00:00:00'),
(111, 'COUPON00003', 'mem00095', 1, '2023-02-08 15:00:00', '2023-01-29 00:00:00'),
(112, 'COUPON00001', 'mem00145', 0, NULL, '2022-07-08 00:00:00'),
(113, 'COUPON00003', 'mem00441', 0, NULL, '2023-02-09 00:00:00'),
(114, 'COUPON00005', 'mem00268', 0, NULL, '2022-07-12 00:00:00'),
(115, 'COUPON00003', 'mem00015', 0, NULL, '2023-01-29 00:00:00'),
(116, 'COUPON00006', 'mem00273', 0, NULL, '2022-05-02 00:00:00'),
(117, 'COUPON00004', 'mem00319', 0, NULL, '2023-03-30 00:00:00'),
(118, 'COUPON00005', 'mem00277', 1, '2022-10-31 20:00:00', '2022-09-14 00:00:00'),
(119, 'COUPON00004', 'mem00428', 0, NULL, '2022-07-04 00:00:00'),
(120, 'COUPON00001', 'mem00309', 0, NULL, '2023-02-17 00:00:00'),
(121, 'COUPON00006', 'mem00258', 1, '2022-09-27 11:00:00', '2022-08-31 00:00:00'),
(122, 'COUPON00003', 'mem00362', 1, '2022-10-18 18:00:00', '2022-08-26 00:00:00'),
(123, 'COUPON00004', 'mem00035', 0, NULL, '2022-12-05 00:00:00'),
(124, 'COUPON00001', 'mem00092', 0, NULL, '2023-04-26 00:00:00'),
(125, 'COUPON00006', 'mem00351', 0, NULL, '2022-05-02 00:00:00'),
(126, 'COUPON00003', 'mem00479', 0, NULL, '2022-07-12 00:00:00'),
(127, 'COUPON00006', 'mem00344', 1, '2023-04-28 11:00:00', '2023-04-22 00:00:00'),
(128, 'COUPON00006', 'mem00281', 0, NULL, '2022-06-09 00:00:00'),
(129, 'COUPON00003', 'mem00375', 0, NULL, '2023-01-27 00:00:00'),
(130, 'COUPON00002', 'mem00029', 1, '2022-09-20 22:00:00', '2022-08-01 00:00:00'),
(131, 'COUPON00003', 'mem00018', 1, '2022-07-25 08:00:00', '2022-05-31 00:00:00'),
(132, 'COUPON00001', 'mem00005', 1, '2023-01-17 00:00:00', '2023-01-13 00:00:00'),
(133, 'COUPON00003', 'mem00470', 0, NULL, '2022-06-17 00:00:00'),
(134, 'COUPON00005', 'mem00332', 0, NULL, '2022-12-18 00:00:00'),
(135, 'COUPON00005', 'mem00253', 0, NULL, '2023-01-06 00:00:00'),
(136, 'COUPON00001', 'mem00268', 0, NULL, '2022-10-21 00:00:00'),
(137, 'COUPON00002', 'mem00080', 1, '2022-09-30 20:00:00', '2022-08-28 00:00:00'),
(138, 'COUPON00001', 'mem00094', 0, NULL, '2022-07-13 00:00:00'),
(139, 'COUPON00003', 'mem00231', 0, NULL, '2022-05-12 00:00:00'),
(140, 'COUPON00004', 'mem00372', 0, NULL, '2022-12-05 00:00:00'),
(141, 'COUPON00002', 'mem00168', 0, NULL, '2023-02-20 00:00:00'),
(142, 'COUPON00006', 'mem00222', 0, NULL, '2022-06-26 00:00:00'),
(143, 'COUPON00003', 'mem00106', 0, NULL, '2022-10-07 00:00:00'),
(144, 'COUPON00006', 'mem00365', 0, NULL, '2022-12-31 00:00:00'),
(145, 'COUPON00004', 'mem00007', 0, NULL, '2023-04-29 00:00:00'),
(146, 'COUPON00005', 'mem00440', 0, NULL, '2023-03-17 00:00:00'),
(147, 'COUPON00003', 'mem00177', 0, NULL, '2022-09-08 00:00:00'),
(148, 'COUPON00005', 'mem00067', 0, NULL, '2022-07-11 00:00:00'),
(149, 'COUPON00003', 'mem00301', 0, NULL, '2023-04-14 00:00:00'),
(150, 'COUPON00006', 'mem00302', 1, '2022-06-07 05:00:00', '2022-05-01 00:00:00'),
(151, 'COUPON00002', 'mem00110', 1, '2022-09-06 13:00:00', '2022-08-13 00:00:00'),
(152, 'COUPON00003', 'mem00143', 1, '2022-09-26 01:00:00', '2022-09-15 00:00:00'),
(153, 'COUPON00005', 'mem00382', 0, NULL, '2023-05-11 00:00:00'),
(154, 'COUPON00002', 'mem00481', 0, NULL, '2023-03-15 00:00:00'),
(155, 'COUPON00002', 'mem00258', 0, NULL, '2022-07-22 00:00:00'),
(156, 'COUPON00002', 'mem00348', 1, '2023-01-17 11:00:00', '2022-12-07 00:00:00'),
(157, 'COUPON00003', 'mem00463', 0, NULL, '2022-07-31 00:00:00'),
(158, 'COUPON00003', 'mem00272', 0, NULL, '2022-10-25 00:00:00'),
(159, 'COUPON00001', 'mem00471', 1, '2023-02-11 09:00:00', '2022-12-19 00:00:00'),
(160, 'COUPON00006', 'mem00037', 0, NULL, '2023-01-01 00:00:00'),
(161, 'COUPON00003', 'mem00274', 1, '2022-10-24 10:00:00', '2022-09-27 00:00:00'),
(162, 'COUPON00003', 'mem00259', 1, '2022-06-14 00:00:00', '2022-05-11 00:00:00'),
(163, 'COUPON00006', 'mem00471', 1, '2023-05-29 19:00:00', '2023-05-02 00:00:00'),
(164, 'COUPON00001', 'mem00079', 1, '2023-03-08 22:00:00', '2023-01-31 00:00:00'),
(165, 'COUPON00005', 'mem00480', 0, NULL, '2023-01-31 00:00:00'),
(166, 'COUPON00002', 'mem00163', 1, '2022-11-27 06:00:00', '2022-10-17 00:00:00'),
(167, 'COUPON00006', 'mem00374', 0, NULL, '2022-05-21 00:00:00'),
(168, 'COUPON00001', 'mem00382', 0, NULL, '2023-04-24 00:00:00'),
(169, 'COUPON00004', 'mem00289', 0, NULL, '2022-11-18 00:00:00'),
(170, 'COUPON00005', 'mem00296', 1, '2023-04-17 13:00:00', '2023-03-13 00:00:00'),
(171, 'COUPON00006', 'mem00113', 1, '2023-01-20 22:00:00', '2022-11-28 00:00:00'),
(172, 'COUPON00002', 'mem00176', 1, '2022-09-30 00:00:00', '2022-08-18 00:00:00'),
(173, 'COUPON00002', 'mem00040', 1, '2023-04-12 06:00:00', '2023-02-18 00:00:00'),
(174, 'COUPON00005', 'mem00172', 0, NULL, '2023-05-12 00:00:00'),
(175, 'COUPON00005', 'mem00239', 1, '2023-01-12 09:00:00', '2022-12-26 00:00:00'),
(176, 'COUPON00005', 'mem00179', 1, '2022-08-23 00:00:00', '2022-07-07 00:00:00'),
(177, 'COUPON00005', 'mem00176', 0, NULL, '2023-05-17 00:00:00'),
(178, 'COUPON00002', 'mem00342', 0, NULL, '2022-10-25 00:00:00'),
(179, 'COUPON00001', 'mem00184', 1, '2022-09-04 22:00:00', '2022-09-02 00:00:00'),
(180, 'COUPON00006', 'mem00391', 0, NULL, '2022-07-28 00:00:00'),
(181, 'COUPON00002', 'mem00403', 0, NULL, '2022-07-09 00:00:00'),
(182, 'COUPON00005', 'mem00341', 1, '2022-09-15 11:00:00', '2022-07-24 00:00:00'),
(183, 'COUPON00004', 'mem00497', 1, '2022-12-18 16:00:00', '2022-11-30 00:00:00'),
(184, 'COUPON00005', 'mem00462', 1, '2022-08-09 21:00:00', '2022-06-18 00:00:00'),
(185, 'COUPON00002', 'mem00318', 1, '2023-05-31 10:00:00', '2023-05-03 00:00:00'),
(186, 'COUPON00004', 'mem00203', 1, '2022-11-24 10:00:00', '2022-10-12 00:00:00'),
(187, 'COUPON00003', 'mem00060', 0, NULL, '2022-08-10 00:00:00'),
(188, 'COUPON00002', 'mem00193', 0, NULL, '2022-05-15 00:00:00'),
(189, 'COUPON00005', 'mem00283', 1, '2022-10-10 22:00:00', '2022-09-29 00:00:00'),
(190, 'COUPON00003', 'mem00336', 1, '2023-05-13 05:00:00', '2023-03-25 00:00:00'),
(191, 'COUPON00003', 'mem00330', 0, NULL, '2022-06-13 00:00:00'),
(192, 'COUPON00002', 'mem00142', 1, '2023-06-15 08:00:00', '2023-05-16 00:00:00'),
(193, 'COUPON00005', 'mem00220', 1, '2022-12-31 02:00:00', '2022-12-27 00:00:00'),
(194, 'COUPON00005', 'mem00172', 0, NULL, '2022-07-01 00:00:00'),
(195, 'COUPON00006', 'mem00199', 0, NULL, '2023-04-18 00:00:00'),
(196, 'COUPON00001', 'mem00481', 1, '2022-08-06 08:00:00', '2022-06-18 00:00:00'),
(197, 'COUPON00001', 'mem00308', 1, '2023-05-23 11:00:00', '2023-03-30 00:00:00'),
(198, 'COUPON00006', 'mem00095', 0, NULL, '2023-05-08 00:00:00'),
(199, 'COUPON00001', 'mem00052', 0, NULL, '2022-08-07 00:00:00'),
(200, 'COUPON00001', 'mem00474', 0, NULL, '2022-09-16 00:00:00'),
(201, 'COUPON00002', 'mem00214', 0, NULL, '2022-05-17 00:00:00'),
(202, 'COUPON00004', 'mem00148', 1, '2022-06-21 09:00:00', '2022-06-17 00:00:00'),
(203, 'COUPON00004', 'mem00099', 0, NULL, '2022-11-04 00:00:00'),
(204, 'COUPON00006', 'mem00047', 0, NULL, '2022-06-01 00:00:00'),
(205, 'COUPON00006', 'mem00440', 0, NULL, '2023-04-25 00:00:00'),
(206, 'COUPON00005', 'mem00058', 1, '2022-12-01 07:00:00', '2022-10-24 00:00:00'),
(207, 'COUPON00002', 'mem00471', 1, '2022-12-31 10:00:00', '2022-11-03 00:00:00'),
(208, 'COUPON00006', 'mem00179', 0, NULL, '2022-05-21 00:00:00'),
(209, 'COUPON00005', 'mem00482', 1, '2023-04-28 06:00:00', '2023-03-02 00:00:00'),
(210, 'COUPON00006', 'mem00374', 0, NULL, '2023-03-18 00:00:00'),
(211, 'COUPON00004', 'mem00423', 1, '2023-04-27 02:00:00', '2023-03-07 00:00:00'),
(212, 'COUPON00006', 'mem00490', 0, NULL, '2022-11-20 00:00:00'),
(213, 'COUPON00004', 'mem00182', 1, '2022-08-16 17:00:00', '2022-07-24 00:00:00'),
(214, 'COUPON00004', 'mem00439', 0, NULL, '2022-11-14 00:00:00'),
(215, 'COUPON00001', 'mem00147', 1, '2023-05-11 06:00:00', '2023-04-16 00:00:00'),
(216, 'COUPON00004', 'mem00419', 0, NULL, '2022-05-13 00:00:00'),
(217, 'COUPON00006', 'mem00155', 0, NULL, '2022-10-06 00:00:00'),
(218, 'COUPON00003', 'mem00015', 1, '2023-07-04 02:00:00', '2023-05-10 00:00:00'),
(219, 'COUPON00003', 'mem00110', 1, '2023-01-23 17:00:00', '2023-01-04 00:00:00'),
(220, 'COUPON00006', 'mem00004', 1, '2022-10-21 03:00:00', '2022-08-29 00:00:00'),
(221, 'COUPON00002', 'mem00188', 0, NULL, '2022-12-25 00:00:00'),
(222, 'COUPON00004', 'mem00429', 0, NULL, '2022-07-09 00:00:00'),
(223, 'COUPON00001', 'mem00082', 1, '2022-06-06 17:00:00', '2022-05-11 00:00:00'),
(224, 'COUPON00005', 'mem00123', 0, NULL, '2022-12-14 00:00:00'),
(225, 'COUPON00002', 'mem00365', 1, '2023-05-12 03:00:00', '2023-04-08 00:00:00'),
(226, 'COUPON00002', 'mem00458', 1, '2023-02-19 10:00:00', '2023-01-20 00:00:00'),
(227, 'COUPON00004', 'mem00195', 1, '2023-04-09 17:00:00', '2023-02-19 00:00:00'),
(228, 'COUPON00001', 'mem00100', 0, NULL, '2023-02-22 00:00:00'),
(229, 'COUPON00005', 'mem00415', 1, '2023-01-14 11:00:00', '2022-12-08 00:00:00'),
(230, 'COUPON00004', 'mem00272', 0, NULL, '2022-12-03 00:00:00'),
(231, 'COUPON00002', 'mem00118', 1, '2022-07-12 01:00:00', '2022-06-04 00:00:00'),
(232, 'COUPON00006', 'mem00271', 1, '2023-03-01 20:00:00', '2023-02-12 00:00:00'),
(233, 'COUPON00006', 'mem00001', 1, NULL, '2022-11-05 00:00:00'),
(234, 'COUPON00003', 'mem00193', 0, NULL, '2022-07-20 00:00:00'),
(235, 'COUPON00002', 'mem00459', 1, '2023-01-08 23:00:00', '2022-12-05 00:00:00'),
(236, 'COUPON00001', 'mem00217', 1, '2022-07-29 08:00:00', '2022-07-28 00:00:00'),
(237, 'COUPON00003', 'mem00209', 0, NULL, '2022-10-14 00:00:00'),
(238, 'COUPON00003', 'mem00391', 0, NULL, '2022-11-01 00:00:00'),
(239, 'COUPON00002', 'mem00329', 1, '2022-07-03 19:00:00', '2022-06-12 00:00:00'),
(240, 'COUPON00001', 'mem00472', 0, NULL, '2022-06-09 00:00:00'),
(241, 'COUPON00006', 'mem00370', 1, '2022-08-25 00:00:00', '2022-07-11 00:00:00'),
(242, 'COUPON00003', 'mem00436', 0, NULL, '2022-12-25 00:00:00'),
(243, 'COUPON00006', 'mem00068', 1, '2023-01-08 16:00:00', '2022-11-30 00:00:00'),
(244, 'COUPON00004', 'mem00031', 1, '2023-04-20 08:00:00', '2023-04-17 00:00:00'),
(245, 'COUPON00003', 'mem00450', 0, NULL, '2023-04-20 00:00:00'),
(246, 'COUPON00002', 'mem00157', 0, NULL, '2023-04-03 00:00:00'),
(247, 'COUPON00002', 'mem00435', 1, '2023-01-12 15:00:00', '2022-12-26 00:00:00'),
(248, 'COUPON00002', 'mem00201', 0, NULL, '2022-11-02 00:00:00'),
(249, 'COUPON00004', 'mem00202', 1, '2022-12-12 02:00:00', '2022-11-24 00:00:00'),
(250, 'COUPON00001', 'mem00408', 0, NULL, '2022-08-11 00:00:00'),
(251, 'COUPON00005', 'mem00430', 1, '2023-03-02 13:00:00', '2023-01-24 00:00:00'),
(252, 'COUPON00002', 'mem00429', 1, '2023-02-12 13:00:00', '2023-01-30 00:00:00'),
(253, 'COUPON00001', 'mem00353', 1, '2022-11-13 00:00:00', '2022-10-29 00:00:00'),
(254, 'COUPON00005', 'mem00477', 1, '2022-08-30 09:00:00', '2022-07-27 00:00:00'),
(255, 'COUPON00003', 'mem00326', 0, NULL, '2023-01-27 00:00:00'),
(256, 'COUPON00005', 'mem00197', 1, '2023-04-05 21:00:00', '2023-03-30 00:00:00'),
(257, 'COUPON00005', 'mem00008', 1, '2022-09-15 03:00:00', '2022-07-26 00:00:00'),
(258, 'COUPON00003', 'mem00450', 0, NULL, '2022-11-13 00:00:00'),
(259, 'COUPON00001', 'mem00224', 1, '2023-05-30 05:00:00', '2023-04-05 00:00:00'),
(260, 'COUPON00005', 'mem00268', 0, NULL, '2023-04-12 00:00:00'),
(261, 'COUPON00003', 'mem00170', 1, '2023-03-31 17:00:00', '2023-03-29 00:00:00'),
(262, 'COUPON00005', 'mem00043', 0, NULL, '2022-12-28 00:00:00'),
(263, 'COUPON00006', 'mem00205', 0, NULL, '2022-11-26 00:00:00'),
(264, 'COUPON00002', 'mem00397', 1, '2023-04-16 16:00:00', '2023-03-20 00:00:00'),
(265, 'COUPON00005', 'mem00369', 1, '2022-12-22 10:00:00', '2022-12-12 00:00:00'),
(266, 'COUPON00004', 'mem00155', 1, '2022-10-30 21:00:00', '2022-10-02 00:00:00'),
(267, 'COUPON00001', 'mem00165', 1, '2022-09-30 05:00:00', '2022-08-08 00:00:00'),
(268, 'COUPON00004', 'mem00362', 0, NULL, '2022-05-31 00:00:00'),
(269, 'COUPON00006', 'mem00314', 0, NULL, '2022-12-23 00:00:00'),
(270, 'COUPON00003', 'mem00484', 0, NULL, '2023-03-26 00:00:00'),
(271, 'COUPON00004', 'mem00475', 0, NULL, '2022-10-19 00:00:00'),
(272, 'COUPON00004', 'mem00423', 1, '2023-03-09 12:00:00', '2023-01-09 00:00:00'),
(273, 'COUPON00006', 'mem00189', 1, '2023-05-23 00:00:00', '2023-05-05 00:00:00'),
(274, 'COUPON00002', 'mem00176', 1, '2023-04-18 07:00:00', '2023-03-18 00:00:00'),
(275, 'COUPON00001', 'mem00314', 1, '2022-10-08 14:00:00', '2022-08-27 00:00:00'),
(276, 'COUPON00004', 'mem00040', 0, NULL, '2022-05-12 00:00:00'),
(277, 'COUPON00005', 'mem00257', 0, NULL, '2022-07-22 00:00:00'),
(278, 'COUPON00003', 'mem00164', 1, '2023-07-11 01:00:00', '2023-05-13 00:00:00'),
(279, 'COUPON00003', 'mem00048', 0, NULL, '2022-08-20 00:00:00'),
(280, 'COUPON00004', 'mem00246', 0, NULL, '2022-11-05 00:00:00'),
(281, 'COUPON00006', 'mem00089', 0, NULL, '2022-12-13 00:00:00'),
(282, 'COUPON00002', 'mem00206', 0, NULL, '2022-10-31 00:00:00'),
(283, 'COUPON00006', 'mem00260', 1, '2023-02-11 12:00:00', '2022-12-26 00:00:00'),
(284, 'COUPON00006', 'mem00183', 0, NULL, '2023-01-21 00:00:00'),
(285, 'COUPON00005', 'mem00136', 0, NULL, '2022-12-11 00:00:00'),
(286, 'COUPON00001', 'mem00128', 1, '2023-03-25 08:00:00', '2023-03-25 00:00:00'),
(287, 'COUPON00006', 'mem00234', 0, NULL, '2022-11-19 00:00:00'),
(288, 'COUPON00005', 'mem00283', 1, '2022-07-08 04:00:00', '2022-05-30 00:00:00'),
(289, 'COUPON00001', 'mem00215', 0, NULL, '2023-02-28 00:00:00'),
(290, 'COUPON00002', 'mem00224', 1, '2023-02-20 19:00:00', '2023-02-06 00:00:00'),
(291, 'COUPON00004', 'mem00474', 1, '2022-09-08 11:00:00', '2022-08-23 00:00:00'),
(292, 'COUPON00003', 'mem00197', 0, NULL, '2022-08-21 00:00:00'),
(293, 'COUPON00003', 'mem00061', 1, '2023-01-09 21:00:00', '2022-12-03 00:00:00'),
(294, 'COUPON00004', 'mem00217', 1, '2023-05-19 02:00:00', '2023-04-29 00:00:00'),
(295, 'COUPON00003', 'mem00399', 1, '2022-07-09 15:00:00', '2022-05-24 00:00:00'),
(296, 'COUPON00005', 'mem00344', 1, '2022-12-14 01:00:00', '2022-10-22 00:00:00'),
(297, 'COUPON00002', 'mem00023', 0, NULL, '2022-06-04 00:00:00'),
(298, 'COUPON00003', 'mem00083', 0, NULL, '2022-06-01 00:00:00'),
(299, 'COUPON00006', 'mem00344', 1, '2022-07-01 09:00:00', '2022-06-26 00:00:00'),
(300, 'COUPON00003', 'mem00470', 1, '2022-12-19 14:00:00', '2022-11-02 00:00:00'),
(301, 'COUPON00004', 'mem00318', 1, '2023-06-22 21:00:00', '2023-05-12 00:00:00'),
(302, 'COUPON00003', 'mem00178', 0, NULL, '2022-10-28 00:00:00'),
(303, 'COUPON00001', 'mem00436', 0, NULL, '2022-10-04 00:00:00'),
(304, 'COUPON00003', 'mem00145', 1, '2023-01-01 18:00:00', '2022-12-26 00:00:00'),
(305, 'COUPON00006', 'mem00419', 1, '2023-05-08 21:00:00', '2023-04-11 00:00:00'),
(306, 'COUPON00002', 'mem00159', 1, '2023-03-02 05:00:00', '2023-01-02 00:00:00'),
(307, 'COUPON00005', 'mem00036', 1, '2022-12-12 13:00:00', '2022-11-10 00:00:00'),
(308, 'COUPON00005', 'mem00204', 1, '2023-01-30 01:00:00', '2022-12-16 00:00:00'),
(309, 'COUPON00006', 'mem00412', 0, NULL, '2022-11-02 00:00:00'),
(310, 'COUPON00005', 'mem00445', 1, '2023-01-02 14:00:00', '2022-12-26 00:00:00'),
(311, 'COUPON00003', 'mem00492', 0, NULL, '2023-01-13 00:00:00'),
(312, 'COUPON00001', 'mem00122', 1, '2022-11-26 19:00:00', '2022-11-04 00:00:00'),
(313, 'COUPON00005', 'mem00135', 0, NULL, '2022-10-14 00:00:00'),
(314, 'COUPON00002', 'mem00309', 0, NULL, '2023-01-26 00:00:00'),
(315, 'COUPON00004', 'mem00139', 1, '2022-08-28 04:00:00', '2022-07-28 00:00:00'),
(316, 'COUPON00001', 'mem00266', 0, NULL, '2022-05-13 00:00:00'),
(317, 'COUPON00002', 'mem00413', 1, '2022-11-22 11:00:00', '2022-10-26 00:00:00'),
(318, 'COUPON00001', 'mem00265', 0, NULL, '2022-07-31 00:00:00'),
(319, 'COUPON00006', 'mem00087', 0, NULL, '2023-02-27 00:00:00'),
(320, 'COUPON00002', 'mem00140', 1, '2022-09-14 20:00:00', '2022-08-02 00:00:00'),
(321, 'COUPON00003', 'mem00439', 0, NULL, '2023-03-20 00:00:00'),
(322, 'COUPON00002', 'mem00272', 0, NULL, '2022-11-09 00:00:00'),
(323, 'COUPON00001', 'mem00046', 0, NULL, '2023-05-09 00:00:00'),
(324, 'COUPON00003', 'mem00411', 1, '2022-10-08 19:00:00', '2022-09-22 00:00:00'),
(325, 'COUPON00002', 'mem00416', 1, '2023-05-13 10:00:00', '2023-05-01 00:00:00'),
(326, 'COUPON00004', 'mem00345', 1, '2023-01-15 16:00:00', '2023-01-04 00:00:00'),
(327, 'COUPON00001', 'mem00480', 0, NULL, '2022-09-22 00:00:00'),
(328, 'COUPON00005', 'mem00364', 0, NULL, '2023-04-25 00:00:00'),
(329, 'COUPON00003', 'mem00380', 0, NULL, '2022-12-05 00:00:00'),
(330, 'COUPON00006', 'mem00305', 0, NULL, '2022-05-14 00:00:00'),
(331, 'COUPON00001', 'mem00386', 0, NULL, '2022-10-25 00:00:00'),
(332, 'COUPON00004', 'mem00016', 1, '2022-08-11 02:00:00', '2022-07-21 00:00:00'),
(333, 'COUPON00005', 'mem00421', 1, '2023-01-22 09:00:00', '2023-01-12 00:00:00'),
(334, 'COUPON00006', 'mem00054', 1, '2023-03-18 15:00:00', '2023-01-29 00:00:00'),
(335, 'COUPON00003', 'mem00009', 1, '2023-01-06 03:00:00', '2022-12-05 00:00:00'),
(336, 'COUPON00003', 'mem00382', 1, '2023-02-10 17:00:00', '2023-01-27 00:00:00'),
(337, 'COUPON00004', 'mem00383', 1, '2023-04-20 03:00:00', '2023-03-14 00:00:00'),
(338, 'COUPON00006', 'mem00270', 1, '2022-05-31 11:00:00', '2022-05-10 00:00:00'),
(339, 'COUPON00006', 'mem00199', 1, '2023-02-23 23:00:00', '2022-12-30 00:00:00'),
(340, 'COUPON00003', 'mem00183', 0, NULL, '2022-06-11 00:00:00'),
(341, 'COUPON00003', 'mem00320', 1, '2023-01-30 13:00:00', '2022-12-26 00:00:00'),
(342, 'COUPON00006', 'mem00051', 0, NULL, '2023-03-06 00:00:00'),
(343, 'COUPON00002', 'mem00295', 0, NULL, '2022-07-04 00:00:00'),
(344, 'COUPON00002', 'mem00320', 0, NULL, '2022-10-05 00:00:00'),
(345, 'COUPON00004', 'mem00215', 1, '2022-12-08 17:00:00', '2022-11-29 00:00:00'),
(346, 'COUPON00003', 'mem00113', 1, '2022-11-27 22:00:00', '2022-11-26 00:00:00'),
(347, 'COUPON00003', 'mem00419', 0, NULL, '2022-05-27 00:00:00'),
(348, 'COUPON00003', 'mem00258', 0, NULL, '2023-01-22 00:00:00'),
(349, 'COUPON00002', 'mem00033', 1, '2022-09-25 10:00:00', '2022-08-16 00:00:00'),
(350, 'COUPON00006', 'mem00388', 0, NULL, '2022-08-30 00:00:00'),
(351, 'COUPON00005', 'mem00340', 1, '2023-02-26 09:00:00', '2023-02-10 00:00:00'),
(352, 'COUPON00003', 'mem00037', 0, NULL, '2023-02-24 00:00:00'),
(353, 'COUPON00002', 'mem00164', 1, '2023-02-02 13:00:00', '2023-01-13 00:00:00'),
(354, 'COUPON00003', 'mem00207', 1, '2022-06-29 13:00:00', '2022-05-07 00:00:00'),
(355, 'COUPON00006', 'mem00045', 1, '2022-06-18 07:00:00', '2022-05-23 00:00:00'),
(356, 'COUPON00003', 'mem00102', 0, NULL, '2022-08-04 00:00:00'),
(357, 'COUPON00002', 'mem00376', 0, NULL, '2022-05-26 00:00:00'),
(358, 'COUPON00003', 'mem00074', 0, NULL, '2022-12-12 00:00:00'),
(359, 'COUPON00006', 'mem00239', 0, NULL, '2023-02-12 00:00:00'),
(360, 'COUPON00005', 'mem00472', 1, '2023-06-13 19:00:00', '2023-05-14 00:00:00'),
(361, 'COUPON00001', 'mem00145', 0, NULL, '2023-01-20 00:00:00'),
(362, 'COUPON00005', 'mem00307', 1, '2022-11-21 00:00:00', '2022-11-06 00:00:00'),
(363, 'COUPON00003', 'mem00102', 0, NULL, '2022-10-01 00:00:00'),
(364, 'COUPON00006', 'mem00086', 0, NULL, '2022-11-16 00:00:00'),
(365, 'COUPON00001', 'mem00122', 1, '2022-11-13 14:00:00', '2022-10-02 00:00:00'),
(366, 'COUPON00005', 'mem00354', 0, NULL, '2022-10-20 00:00:00'),
(367, 'COUPON00003', 'mem00402', 1, '2022-07-05 01:00:00', '2022-05-18 00:00:00'),
(368, 'COUPON00005', 'mem00448', 0, NULL, '2023-04-01 00:00:00'),
(369, 'COUPON00004', 'mem00034', 1, '2022-09-27 13:00:00', '2022-08-06 00:00:00'),
(370, 'COUPON00004', 'mem00326', 0, NULL, '2022-12-31 00:00:00'),
(371, 'COUPON00001', 'mem00026', 1, '2022-12-12 12:00:00', '2022-10-15 00:00:00'),
(372, 'COUPON00006', 'mem00153', 1, '2022-08-24 23:00:00', '2022-08-10 00:00:00'),
(373, 'COUPON00003', 'mem00188', 0, NULL, '2022-05-07 00:00:00'),
(374, 'COUPON00001', 'mem00479', 0, NULL, '2022-08-20 00:00:00'),
(375, 'COUPON00001', 'mem00331', 0, NULL, '2022-09-30 00:00:00'),
(376, 'COUPON00002', 'mem00217', 0, NULL, '2022-06-19 00:00:00'),
(377, 'COUPON00001', 'mem00093', 0, NULL, '2022-10-17 00:00:00'),
(378, 'COUPON00005', 'mem00311', 0, NULL, '2023-03-16 00:00:00'),
(379, 'COUPON00004', 'mem00278', 1, '2023-04-09 04:00:00', '2023-03-21 00:00:00'),
(380, 'COUPON00003', 'mem00457', 0, NULL, '2023-02-05 00:00:00'),
(381, 'COUPON00003', 'mem00449', 1, '2022-08-09 01:00:00', '2022-06-19 00:00:00'),
(382, 'COUPON00006', 'mem00373', 1, '2022-11-02 17:00:00', '2022-10-16 00:00:00'),
(383, 'COUPON00004', 'mem00019', 1, '2023-05-02 08:00:00', '2023-03-08 00:00:00'),
(384, 'COUPON00001', 'mem00475', 1, '2023-03-29 16:00:00', '2023-02-14 00:00:00'),
(385, 'COUPON00003', 'mem00317', 0, NULL, '2022-09-08 00:00:00'),
(386, 'COUPON00002', 'mem00159', 1, '2022-12-05 09:00:00', '2022-10-14 00:00:00'),
(387, 'COUPON00005', 'mem00346', 1, '2022-07-09 22:00:00', '2022-06-29 00:00:00'),
(388, 'COUPON00002', 'mem00251', 0, NULL, '2022-10-28 00:00:00'),
(389, 'COUPON00005', 'mem00219', 1, '2023-04-26 08:00:00', '2023-04-09 00:00:00'),
(390, 'COUPON00002', 'mem00338', 0, NULL, '2022-05-27 00:00:00'),
(391, 'COUPON00004', 'mem00034', 0, NULL, '2023-01-05 00:00:00'),
(392, 'COUPON00002', 'mem00155', 0, NULL, '2022-05-23 00:00:00'),
(393, 'COUPON00004', 'mem00175', 0, NULL, '2022-09-04 00:00:00'),
(394, 'COUPON00001', 'mem00407', 1, '2022-12-22 21:00:00', '2022-10-30 00:00:00'),
(395, 'COUPON00001', 'mem00012', 1, '2022-11-03 12:00:00', '2022-09-27 00:00:00'),
(396, 'COUPON00004', 'mem00336', 1, '2022-12-15 20:00:00', '2022-11-20 00:00:00'),
(397, 'COUPON00002', 'mem00143', 1, '2022-11-16 17:00:00', '2022-10-31 00:00:00'),
(398, 'COUPON00006', 'mem00207', 1, '2023-03-10 22:00:00', '2023-03-05 00:00:00'),
(399, 'COUPON00001', 'mem00104', 1, '2023-01-24 09:00:00', '2022-12-16 00:00:00'),
(400, 'COUPON00004', 'mem00400', 1, '2023-02-04 06:00:00', '2022-12-07 00:00:00'),
(401, 'COUPON00004', 'mem00188', 0, NULL, '2022-06-02 00:00:00'),
(402, 'COUPON00003', 'mem00239', 1, '2023-03-19 02:00:00', '2023-01-20 00:00:00'),
(403, 'COUPON00004', 'mem00133', 0, NULL, '2022-07-19 00:00:00'),
(404, 'COUPON00003', 'mem00444', 0, NULL, '2023-05-05 00:00:00'),
(405, 'COUPON00001', 'mem00321', 0, NULL, '2022-07-19 00:00:00'),
(406, 'COUPON00002', 'mem00272', 0, NULL, '2022-06-24 00:00:00'),
(407, 'COUPON00003', 'mem00398', 1, '2022-07-24 20:00:00', '2022-06-02 00:00:00'),
(408, 'COUPON00006', 'mem00171', 1, '2023-06-14 19:00:00', '2023-05-16 00:00:00'),
(409, 'COUPON00005', 'mem00162', 0, NULL, '2023-02-03 00:00:00'),
(410, 'COUPON00005', 'mem00295', 1, '2023-02-24 12:00:00', '2023-01-05 00:00:00'),
(411, 'COUPON00003', 'mem00491', 0, NULL, '2022-05-31 00:00:00'),
(412, 'COUPON00001', 'mem00066', 0, NULL, '2022-10-15 00:00:00'),
(413, 'COUPON00001', 'mem00359', 1, '2023-06-11 03:00:00', '2023-04-29 00:00:00'),
(414, 'COUPON00002', 'mem00098', 0, NULL, '2022-10-17 00:00:00'),
(415, 'COUPON00005', 'mem00411', 0, NULL, '2022-09-18 00:00:00'),
(416, 'COUPON00003', 'mem00261', 1, '2022-11-15 04:00:00', '2022-11-11 00:00:00'),
(417, 'COUPON00004', 'mem00071', 0, NULL, '2022-10-16 00:00:00'),
(418, 'COUPON00005', 'mem00072', 0, NULL, '2023-01-13 00:00:00'),
(419, 'COUPON00005', 'mem00146', 1, '2022-06-01 10:00:00', '2022-05-21 00:00:00'),
(420, 'COUPON00003', 'mem00013', 1, '2022-09-13 14:00:00', '2022-07-31 00:00:00'),
(421, 'COUPON00001', 'mem00125', 0, NULL, '2022-05-15 00:00:00'),
(422, 'COUPON00001', 'mem00089', 0, NULL, '2022-10-30 00:00:00'),
(423, 'COUPON00006', 'mem00067', 0, NULL, '2022-08-12 00:00:00'),
(424, 'COUPON00004', 'mem00068', 1, '2023-04-23 20:00:00', '2023-04-15 00:00:00'),
(425, 'COUPON00003', 'mem00137', 0, NULL, '2023-02-19 00:00:00'),
(426, 'COUPON00002', 'mem00481', 1, '2022-07-11 04:00:00', '2022-06-11 00:00:00'),
(427, 'COUPON00002', 'mem00493', 1, '2022-08-01 10:00:00', '2022-07-28 00:00:00'),
(428, 'COUPON00006', 'mem00023', 0, NULL, '2023-03-12 00:00:00'),
(429, 'COUPON00001', 'mem00134', 1, '2022-12-06 11:00:00', '2022-10-16 00:00:00'),
(430, 'COUPON00004', 'mem00102', 0, NULL, '2023-02-01 00:00:00'),
(431, 'COUPON00006', 'mem00106', 0, NULL, '2022-08-23 00:00:00'),
(432, 'COUPON00003', 'mem00225', 1, '2022-09-04 07:00:00', '2022-08-31 00:00:00'),
(433, 'COUPON00004', 'mem00306', 1, '2023-03-12 20:00:00', '2023-01-25 00:00:00'),
(434, 'COUPON00004', 'mem00355', 0, NULL, '2022-12-05 00:00:00'),
(435, 'COUPON00001', 'mem00358', 1, '2023-03-18 10:00:00', '2023-02-05 00:00:00'),
(436, 'COUPON00001', 'mem00223', 1, '2023-05-09 16:00:00', '2023-05-03 00:00:00'),
(437, 'COUPON00006', 'mem00040', 1, '2023-01-15 21:00:00', '2022-12-18 00:00:00'),
(438, 'COUPON00004', 'mem00029', 0, NULL, '2022-06-25 00:00:00'),
(439, 'COUPON00001', 'mem00026', 1, '2023-04-15 13:00:00', '2023-04-11 00:00:00'),
(440, 'COUPON00004', 'mem00044', 0, NULL, '2022-06-04 00:00:00'),
(441, 'COUPON00001', 'mem00140', 1, '2023-04-01 21:00:00', '2023-02-05 00:00:00'),
(442, 'COUPON00001', 'mem00069', 0, NULL, '2022-10-02 00:00:00'),
(443, 'COUPON00004', 'mem00422', 0, NULL, '2023-03-10 00:00:00'),
(444, 'COUPON00002', 'mem00403', 0, NULL, '2023-04-07 00:00:00'),
(445, 'COUPON00004', 'mem00247', 0, NULL, '2023-05-17 00:00:00'),
(446, 'COUPON00002', 'mem00027', 0, NULL, '2022-08-29 00:00:00'),
(447, 'COUPON00003', 'mem00393', 0, NULL, '2022-12-09 00:00:00'),
(448, 'COUPON00005', 'mem00384', 0, NULL, '2023-05-05 00:00:00'),
(449, 'COUPON00002', 'mem00239', 1, '2022-06-29 22:00:00', '2022-06-04 00:00:00'),
(450, 'COUPON00006', 'mem00042', 0, NULL, '2022-11-28 00:00:00'),
(451, 'COUPON00004', 'mem00492', 0, NULL, '2022-11-03 00:00:00'),
(452, 'COUPON00005', 'mem00333', 1, '2023-03-17 20:00:00', '2023-02-24 00:00:00'),
(453, 'COUPON00003', 'mem00187', 1, '2022-11-19 11:00:00', '2022-10-19 00:00:00'),
(454, 'COUPON00002', 'mem00439', 1, '2023-05-11 21:00:00', '2023-04-10 00:00:00'),
(455, 'COUPON00006', 'mem00134', 0, NULL, '2022-06-30 00:00:00'),
(456, 'COUPON00005', 'mem00350', 1, '2022-06-07 22:00:00', '2022-06-03 00:00:00'),
(457, 'COUPON00005', 'mem00350', 1, '2023-06-19 20:00:00', '2023-05-02 00:00:00'),
(458, 'COUPON00006', 'mem00198', 1, '2023-01-11 14:00:00', '2022-11-23 00:00:00'),
(459, 'COUPON00006', 'mem00438', 1, '2023-04-18 10:00:00', '2023-03-08 00:00:00'),
(460, 'COUPON00006', 'mem00096', 1, '2022-12-22 07:00:00', '2022-10-25 00:00:00'),
(461, 'COUPON00004', 'mem00166', 1, '2023-05-15 05:00:00', '2023-03-29 00:00:00'),
(462, 'COUPON00004', 'mem00043', 1, '2023-05-04 07:00:00', '2023-05-03 00:00:00'),
(463, 'COUPON00002', 'mem00216', 0, NULL, '2022-07-15 00:00:00'),
(464, 'COUPON00002', 'mem00448', 0, NULL, '2022-06-09 00:00:00'),
(465, 'COUPON00005', 'mem00094', 0, NULL, '2023-04-20 00:00:00'),
(466, 'COUPON00004', 'mem00123', 0, NULL, '2022-09-02 00:00:00'),
(467, 'COUPON00005', 'mem00334', 0, NULL, '2023-03-18 00:00:00'),
(468, 'COUPON00002', 'mem00302', 0, NULL, '2022-07-27 00:00:00'),
(469, 'COUPON00006', 'mem00007', 0, NULL, '2022-12-26 00:00:00'),
(470, 'COUPON00004', 'mem00128', 1, '2022-12-01 18:00:00', '2022-10-18 00:00:00'),
(471, 'COUPON00006', 'mem00119', 1, '2022-10-18 20:00:00', '2022-09-09 00:00:00'),
(472, 'COUPON00003', 'mem00211', 1, '2022-10-01 01:00:00', '2022-09-26 00:00:00'),
(473, 'COUPON00001', 'mem00197', 0, NULL, '2023-04-11 00:00:00'),
(474, 'COUPON00004', 'mem00353', 0, NULL, '2022-09-16 00:00:00'),
(475, 'COUPON00002', 'mem00173', 0, NULL, '2022-06-08 00:00:00'),
(476, 'COUPON00004', 'mem00306', 0, NULL, '2022-10-04 00:00:00'),
(477, 'COUPON00002', 'mem00009', 1, '2023-03-06 14:00:00', '2023-02-09 00:00:00'),
(478, 'COUPON00005', 'mem00125', 1, '2022-12-28 21:00:00', '2022-11-06 00:00:00'),
(479, 'COUPON00004', 'mem00099', 0, NULL, '2022-08-01 00:00:00'),
(480, 'COUPON00005', 'mem00120', 1, '2023-02-11 15:00:00', '2023-02-04 00:00:00'),
(481, 'COUPON00005', 'mem00304', 1, '2023-06-16 08:00:00', '2023-04-18 00:00:00'),
(482, 'COUPON00001', 'mem00156', 0, NULL, '2022-10-10 00:00:00'),
(483, 'COUPON00005', 'mem00371', 1, '2022-10-17 22:00:00', '2022-09-14 00:00:00'),
(484, 'COUPON00005', 'mem00386', 1, '2023-01-02 12:00:00', '2022-11-12 00:00:00'),
(485, 'COUPON00001', 'mem00315', 1, '2022-12-08 22:00:00', '2022-11-03 00:00:00'),
(486, 'COUPON00005', 'mem00416', 0, NULL, '2023-04-09 00:00:00'),
(487, 'COUPON00001', 'mem00137', 1, '2022-06-07 00:00:00', '2022-05-13 00:00:00'),
(488, 'COUPON00006', 'mem00433', 1, '2022-11-11 04:00:00', '2022-10-25 00:00:00'),
(489, 'COUPON00005', 'mem00257', 1, '2022-08-07 21:00:00', '2022-07-28 00:00:00'),
(490, 'COUPON00005', 'mem00484', 0, NULL, '2023-02-16 00:00:00'),
(491, 'COUPON00005', 'mem00149', 1, '2022-06-16 22:00:00', '2022-06-14 00:00:00'),
(492, 'COUPON00003', 'mem00291', 0, NULL, '2022-08-23 00:00:00'),
(493, 'COUPON00005', 'mem00009', 1, '2022-08-04 21:00:00', '2022-06-24 00:00:00'),
(494, 'COUPON00004', 'mem00171', 0, NULL, '2023-03-09 00:00:00'),
(495, 'COUPON00006', 'mem00328', 0, NULL, '2023-01-06 00:00:00'),
(496, 'COUPON00003', 'mem00127', 0, NULL, '2023-03-13 00:00:00'),
(497, 'COUPON00003', 'mem00148', 1, '2022-07-27 17:00:00', '2022-07-07 00:00:00'),
(498, 'COUPON00001', 'mem00362', 0, NULL, '2022-09-29 00:00:00'),
(499, 'COUPON00001', 'mem00363', 1, '2022-11-28 23:00:00', '2022-10-22 00:00:00'),
(500, 'COUPON00006', 'mem00230', 0, NULL, '2022-06-07 00:00:00'),
(501, 'COUPON00005', 'mem00060', 0, NULL, '2022-06-12 00:00:00'),
(502, 'COUPON00006', 'mem00107', 1, '2022-08-15 14:00:00', '2022-08-08 00:00:00'),
(503, 'COUPON00006', 'mem00358', 1, '2023-06-21 01:00:00', '2023-05-08 00:00:00'),
(504, 'COUPON00003', 'mem00465', 0, NULL, '2022-06-06 00:00:00'),
(505, 'COUPON00001', 'mem00253', 1, '2022-12-14 12:00:00', '2022-11-27 00:00:00'),
(506, 'COUPON00002', 'mem00371', 1, '2022-11-11 08:00:00', '2022-10-27 00:00:00'),
(507, 'COUPON00002', 'mem00093', 0, NULL, '2023-01-21 00:00:00'),
(508, 'COUPON00002', 'mem00351', 1, '2022-06-17 02:00:00', '2022-05-24 00:00:00'),
(509, 'COUPON00002', 'mem00475', 0, NULL, '2022-07-26 00:00:00'),
(510, 'COUPON00005', 'mem00323', 0, NULL, '2023-04-27 00:00:00'),
(511, 'COUPON00002', 'mem00188', 1, '2022-06-02 11:00:00', '2022-05-19 00:00:00'),
(512, 'COUPON00004', 'mem00473', 0, NULL, '2022-10-01 00:00:00'),
(513, 'COUPON00004', 'mem00299', 1, '2023-03-28 02:00:00', '2023-03-28 00:00:00'),
(514, 'COUPON00001', 'mem00075', 1, '2022-07-07 00:00:00', '2022-06-20 00:00:00'),
(515, 'COUPON00003', 'mem00477', 1, '2022-06-16 17:00:00', '2022-05-23 00:00:00'),
(516, 'COUPON00001', 'mem00158', 1, '2023-04-20 12:00:00', '2023-04-08 00:00:00'),
(517, 'COUPON00001', 'mem00362', 1, '2022-10-14 11:00:00', '2022-08-27 00:00:00'),
(518, 'COUPON00002', 'mem00333', 0, NULL, '2023-03-23 00:00:00'),
(519, 'COUPON00001', 'mem00081', 0, NULL, '2022-09-08 00:00:00'),
(520, 'COUPON00002', 'mem00403', 1, '2022-07-20 20:00:00', '2022-06-26 00:00:00'),
(521, 'COUPON00001', 'mem00272', 0, NULL, '2023-01-26 00:00:00'),
(522, 'COUPON00005', 'mem00149', 1, '2022-07-17 17:00:00', '2022-06-09 00:00:00'),
(523, 'COUPON00004', 'mem00429', 0, NULL, '2022-09-28 00:00:00'),
(524, 'COUPON00003', 'mem00197', 0, NULL, '2023-01-06 00:00:00'),
(525, 'COUPON00002', 'mem00198', 0, NULL, '2022-06-05 00:00:00'),
(526, 'COUPON00002', 'mem00399', 1, '2023-01-05 00:00:00', '2022-11-07 00:00:00'),
(527, 'COUPON00002', 'mem00402', 0, NULL, '2022-07-23 00:00:00'),
(528, 'COUPON00003', 'mem00311', 0, NULL, '2022-12-16 00:00:00'),
(529, 'COUPON00004', 'mem00347', 0, NULL, '2022-09-09 00:00:00'),
(530, 'COUPON00003', 'mem00302', 0, NULL, '2023-04-17 00:00:00'),
(531, 'COUPON00002', 'mem00470', 1, '2023-02-01 01:00:00', '2022-12-04 00:00:00'),
(532, 'COUPON00006', 'mem00443', 0, NULL, '2022-06-02 00:00:00'),
(533, 'COUPON00005', 'mem00304', 0, NULL, '2023-01-30 00:00:00'),
(534, 'COUPON00002', 'mem00192', 1, '2022-11-02 03:00:00', '2022-09-05 00:00:00'),
(535, 'COUPON00002', 'mem00047', 1, '2023-01-06 13:00:00', '2022-11-14 00:00:00'),
(536, 'COUPON00002', 'mem00157', 0, NULL, '2022-12-08 00:00:00'),
(537, 'COUPON00002', 'mem00145', 0, NULL, '2022-09-10 00:00:00'),
(538, 'COUPON00003', 'mem00253', 0, NULL, '2022-05-01 00:00:00'),
(539, 'COUPON00002', 'mem00328', 1, '2023-06-05 11:00:00', '2023-05-03 00:00:00'),
(540, 'COUPON00001', 'mem00381', 1, '2023-03-12 12:00:00', '2023-03-06 00:00:00'),
(541, 'COUPON00004', 'mem00420', 0, NULL, '2022-07-03 00:00:00'),
(542, 'COUPON00001', 'mem00458', 1, '2022-11-19 04:00:00', '2022-09-28 00:00:00'),
(543, 'COUPON00002', 'mem00028', 1, '2022-10-31 09:00:00', '2022-10-30 00:00:00'),
(544, 'COUPON00006', 'mem00265', 1, '2022-08-14 05:00:00', '2022-07-15 00:00:00'),
(545, 'COUPON00004', 'mem00240', 1, '2022-12-28 23:00:00', '2022-12-02 00:00:00'),
(546, 'COUPON00005', 'mem00404', 0, NULL, '2022-07-25 00:00:00'),
(547, 'COUPON00006', 'mem00300', 0, NULL, '2022-10-09 00:00:00'),
(548, 'COUPON00002', 'mem00287', 0, NULL, '2022-10-18 00:00:00'),
(549, 'COUPON00004', 'mem00037', 0, NULL, '2023-05-04 00:00:00'),
(550, 'COUPON00002', 'mem00321', 0, NULL, '2022-11-02 00:00:00'),
(551, 'COUPON00001', 'mem00495', 1, '2023-01-03 04:00:00', '2022-11-20 00:00:00'),
(552, 'COUPON00006', 'mem00012', 1, '2022-08-09 00:00:00', '2022-07-20 00:00:00'),
(553, 'COUPON00003', 'mem00073', 1, '2022-11-15 11:00:00', '2022-10-19 00:00:00'),
(554, 'COUPON00002', 'mem00330', 1, '2023-01-09 07:00:00', '2022-12-23 00:00:00'),
(555, 'COUPON00005', 'mem00432', 1, '2023-02-15 01:00:00', '2023-02-11 00:00:00'),
(556, 'COUPON00001', 'mem00167', 0, NULL, '2023-04-03 00:00:00'),
(557, 'COUPON00006', 'mem00041', 1, '2022-08-04 06:00:00', '2022-07-07 00:00:00'),
(558, 'COUPON00004', 'mem00204', 0, NULL, '2022-07-28 00:00:00'),
(559, 'COUPON00003', 'mem00394', 0, NULL, '2022-12-25 00:00:00'),
(560, 'COUPON00003', 'mem00358', 1, '2022-10-19 06:00:00', '2022-10-10 00:00:00'),
(561, 'COUPON00005', 'mem00107', 0, NULL, '2022-08-08 00:00:00'),
(562, 'COUPON00004', 'mem00460', 0, NULL, '2022-05-08 00:00:00'),
(563, 'COUPON00005', 'mem00478', 1, '2022-09-18 12:00:00', '2022-08-28 00:00:00'),
(564, 'COUPON00001', 'mem00011', 0, NULL, '2022-11-13 00:00:00'),
(565, 'COUPON00001', 'mem00118', 0, NULL, '2022-12-27 00:00:00'),
(566, 'COUPON00001', 'mem00059', 1, '2023-01-05 17:00:00', '2022-12-17 00:00:00'),
(567, 'COUPON00002', 'mem00439', 1, '2022-07-23 01:00:00', '2022-06-19 00:00:00'),
(568, 'COUPON00001', 'mem00017', 0, NULL, '2023-03-16 00:00:00'),
(569, 'COUPON00004', 'mem00269', 0, NULL, '2023-03-01 00:00:00'),
(570, 'COUPON00004', 'mem00293', 0, NULL, '2022-10-29 00:00:00'),
(571, 'COUPON00002', 'mem00158', 1, '2023-07-03 04:00:00', '2023-05-13 00:00:00'),
(572, 'COUPON00004', 'mem00409', 0, NULL, '2022-11-12 00:00:00'),
(573, 'COUPON00002', 'mem00072', 0, NULL, '2022-12-13 00:00:00'),
(574, 'COUPON00001', 'mem00133', 0, NULL, '2022-10-11 00:00:00'),
(575, 'COUPON00005', 'mem00450', 1, '2022-10-21 16:00:00', '2022-09-18 00:00:00'),
(576, 'COUPON00005', 'mem00347', 0, NULL, '2022-11-28 00:00:00'),
(577, 'COUPON00001', 'mem00387', 1, '2023-01-25 21:00:00', '2023-01-11 00:00:00'),
(578, 'COUPON00002', 'mem00394', 0, NULL, '2023-01-15 00:00:00'),
(579, 'COUPON00002', 'mem00306', 0, NULL, '2022-09-27 00:00:00'),
(580, 'COUPON00005', 'mem00350', 1, '2023-05-20 05:00:00', '2023-04-17 00:00:00'),
(581, 'COUPON00005', 'mem00330', 1, '2022-10-13 13:00:00', '2022-10-12 00:00:00'),
(582, 'COUPON00002', 'mem00102', 1, '2022-10-22 01:00:00', '2022-09-24 00:00:00'),
(583, 'COUPON00002', 'mem00017', 1, '2023-01-12 14:00:00', '2022-12-28 00:00:00'),
(584, 'COUPON00003', 'mem00280', 1, '2022-06-24 19:00:00', '2022-05-02 00:00:00'),
(585, 'COUPON00003', 'mem00349', 1, '2022-08-01 08:00:00', '2022-06-20 00:00:00'),
(586, 'COUPON00006', 'mem00404', 0, NULL, '2023-01-01 00:00:00'),
(587, 'COUPON00003', 'mem00471', 0, NULL, '2023-03-07 00:00:00'),
(588, 'COUPON00006', 'mem00143', 0, NULL, '2022-06-24 00:00:00'),
(589, 'COUPON00002', 'mem00303', 1, '2022-10-02 05:00:00', '2022-08-13 00:00:00'),
(590, 'COUPON00006', 'mem00086', 0, NULL, '2023-04-25 00:00:00'),
(591, 'COUPON00006', 'mem00021', 1, '2023-04-06 02:00:00', '2023-04-02 00:00:00'),
(592, 'COUPON00004', 'mem00346', 1, '2023-01-26 15:00:00', '2022-12-08 00:00:00'),
(593, 'COUPON00002', 'mem00167', 1, '2022-10-03 02:00:00', '2022-08-08 00:00:00'),
(594, 'COUPON00005', 'mem00297', 0, NULL, '2022-12-02 00:00:00'),
(595, 'COUPON00004', 'mem00483', 0, NULL, '2022-05-15 00:00:00'),
(596, 'COUPON00006', 'mem00024', 0, NULL, '2022-11-08 00:00:00'),
(597, 'COUPON00005', 'mem00171', 0, NULL, '2022-09-27 00:00:00'),
(598, 'COUPON00002', 'mem00280', 1, '2022-11-01 15:00:00', '2022-10-21 00:00:00'),
(599, 'COUPON00001', 'mem00390', 1, '2022-06-15 16:00:00', '2022-06-06 00:00:00'),
(600, 'COUPON00002', 'mem00107', 1, '2022-06-27 10:00:00', '2022-06-14 00:00:00'),
(601, 'COUPON00003', 'mem00365', 0, NULL, '2022-08-20 00:00:00'),
(602, 'COUPON00002', 'mem00003', 0, NULL, '2022-06-11 00:00:00'),
(603, 'COUPON00005', 'mem00420', 1, '2023-02-18 04:00:00', '2023-01-11 00:00:00'),
(604, 'COUPON00006', 'mem00089', 1, '2022-06-07 15:00:00', '2022-05-08 00:00:00'),
(605, 'COUPON00002', 'mem00186', 1, '2022-07-13 15:00:00', '2022-06-05 00:00:00'),
(606, 'COUPON00004', 'mem00164', 0, NULL, '2022-10-02 00:00:00'),
(607, 'COUPON00002', 'mem00260', 0, NULL, '2023-02-08 00:00:00'),
(608, 'COUPON00004', 'mem00306', 0, NULL, '2022-11-07 00:00:00'),
(609, 'COUPON00002', 'mem00250', 1, '2022-09-21 05:00:00', '2022-08-11 00:00:00'),
(610, 'COUPON00001', 'mem00334', 1, '2023-04-20 06:00:00', '2023-03-21 00:00:00'),
(611, 'COUPON00001', 'mem00417', 1, '2022-11-11 14:00:00', '2022-10-15 00:00:00'),
(612, 'COUPON00001', 'mem00082', 0, NULL, '2023-01-01 00:00:00'),
(613, 'COUPON00005', 'mem00158', 1, '2023-05-26 05:00:00', '2023-04-09 00:00:00'),
(614, 'COUPON00001', 'mem00044', 0, NULL, '2022-12-03 00:00:00'),
(615, 'COUPON00006', 'mem00245', 0, NULL, '2022-06-23 00:00:00'),
(616, 'COUPON00002', 'mem00094', 0, NULL, '2023-05-16 00:00:00'),
(617, 'COUPON00004', 'mem00235', 0, NULL, '2022-12-02 00:00:00'),
(618, 'COUPON00001', 'mem00391', 1, '2023-04-16 07:00:00', '2023-03-14 00:00:00'),
(619, 'COUPON00004', 'mem00249', 1, '2022-11-19 18:00:00', '2022-10-26 00:00:00'),
(620, 'COUPON00005', 'mem00070', 0, NULL, '2023-03-19 00:00:00'),
(621, 'COUPON00002', 'mem00105', 0, NULL, '2023-03-08 00:00:00'),
(622, 'COUPON00004', 'mem00315', 1, '2022-12-17 22:00:00', '2022-11-24 00:00:00'),
(623, 'COUPON00001', 'mem00259', 1, '2022-09-25 08:00:00', '2022-08-11 00:00:00'),
(624, 'COUPON00006', 'mem00351', 1, '2023-03-05 00:00:00', '2023-01-29 00:00:00'),
(625, 'COUPON00003', 'mem00478', 1, '2023-03-29 23:00:00', '2023-02-19 00:00:00'),
(626, 'COUPON00004', 'mem00335', 0, NULL, '2023-01-27 00:00:00'),
(627, 'COUPON00002', 'mem00239', 1, '2022-08-28 18:00:00', '2022-07-30 00:00:00'),
(628, 'COUPON00004', 'mem00191', 1, '2022-06-23 21:00:00', '2022-05-23 00:00:00'),
(629, 'COUPON00001', 'mem00235', 1, '2022-12-19 05:00:00', '2022-12-09 00:00:00'),
(630, 'COUPON00005', 'mem00104', 0, NULL, '2023-02-05 00:00:00'),
(631, 'COUPON00002', 'mem00314', 0, NULL, '2023-04-20 00:00:00'),
(632, 'COUPON00002', 'mem00256', 0, NULL, '2022-10-14 00:00:00'),
(633, 'COUPON00003', 'mem00340', 0, NULL, '2022-09-28 00:00:00'),
(634, 'COUPON00002', 'mem00430', 0, NULL, '2023-01-07 00:00:00'),
(635, 'COUPON00006', 'mem00128', 1, '2022-06-27 07:00:00', '2022-06-12 00:00:00'),
(636, 'COUPON00005', 'mem00352', 1, '2023-01-24 20:00:00', '2022-12-10 00:00:00'),
(637, 'COUPON00006', 'mem00373', 0, NULL, '2022-12-13 00:00:00'),
(638, 'COUPON00004', 'mem00310', 0, NULL, '2022-07-17 00:00:00'),
(639, 'COUPON00006', 'mem00430', 1, '2022-08-04 11:00:00', '2022-08-01 00:00:00'),
(640, 'COUPON00001', 'mem00221', 0, NULL, '2022-12-15 00:00:00'),
(641, 'COUPON00005', 'mem00315', 1, '2022-10-09 13:00:00', '2022-08-11 00:00:00'),
(642, 'COUPON00003', 'mem00411', 1, '2023-01-12 12:00:00', '2022-11-26 00:00:00'),
(643, 'COUPON00004', 'mem00109', 0, NULL, '2023-04-23 00:00:00'),
(644, 'COUPON00001', 'mem00313', 1, '2022-07-12 23:00:00', '2022-05-15 00:00:00'),
(645, 'COUPON00001', 'mem00236', 0, NULL, '2022-09-21 00:00:00'),
(646, 'COUPON00005', 'mem00241', 1, '2023-03-22 05:00:00', '2023-02-18 00:00:00'),
(647, 'COUPON00003', 'mem00496', 0, NULL, '2023-01-27 00:00:00'),
(648, 'COUPON00006', 'mem00258', 1, '2022-09-19 05:00:00', '2022-08-06 00:00:00'),
(649, 'COUPON00001', 'mem00299', 0, NULL, '2022-06-23 00:00:00'),
(650, 'COUPON00001', 'mem00220', 0, NULL, '2023-04-24 00:00:00'),
(651, 'COUPON00005', 'mem00203', 1, '2022-08-17 10:00:00', '2022-08-13 00:00:00'),
(652, 'COUPON00006', 'mem00355', 0, NULL, '2022-11-26 00:00:00'),
(653, 'COUPON00006', 'mem00165', 0, NULL, '2023-04-18 00:00:00'),
(654, 'COUPON00005', 'mem00261', 0, NULL, '2023-05-05 00:00:00'),
(655, 'COUPON00001', 'mem00310', 1, '2022-06-03 09:00:00', '2022-05-25 00:00:00'),
(656, 'COUPON00004', 'mem00267', 1, '2022-11-10 14:00:00', '2022-10-08 00:00:00'),
(657, 'COUPON00003', 'mem00403', 1, '2023-05-02 19:00:00', '2023-04-13 00:00:00'),
(658, 'COUPON00001', 'mem00213', 0, NULL, '2022-08-18 00:00:00'),
(659, 'COUPON00004', 'mem00356', 1, '2023-03-23 06:00:00', '2023-01-24 00:00:00'),
(660, 'COUPON00002', 'mem00139', 0, NULL, '2023-01-06 00:00:00'),
(661, 'COUPON00003', 'mem00129', 1, '2022-08-26 00:00:00', '2022-07-05 00:00:00'),
(662, 'COUPON00002', 'mem00229', 0, NULL, '2023-04-03 00:00:00'),
(663, 'COUPON00001', 'mem00254', 1, '2023-05-09 05:00:00', '2023-04-14 00:00:00'),
(664, 'COUPON00001', 'mem00082', 0, NULL, '2023-04-11 00:00:00'),
(665, 'COUPON00005', 'mem00150', 1, '2023-03-28 00:00:00', '2023-02-26 00:00:00'),
(666, 'COUPON00002', 'mem00001', 1, '2022-08-10 09:00:00', '2022-07-27 00:00:00'),
(667, 'COUPON00003', 'mem00057', 0, NULL, '2023-02-21 00:00:00'),
(668, 'COUPON00001', 'mem00278', 0, NULL, '2022-07-13 00:00:00'),
(669, 'COUPON00003', 'mem00222', 1, '2023-02-09 19:00:00', '2022-12-30 00:00:00'),
(670, 'COUPON00001', 'mem00275', 1, '2023-02-02 23:00:00', '2022-12-19 00:00:00'),
(671, 'COUPON00006', 'mem00206', 1, '2022-08-02 09:00:00', '2022-06-19 00:00:00'),
(672, 'COUPON00002', 'mem00206', 1, '2023-04-01 23:00:00', '2023-03-09 00:00:00'),
(673, 'COUPON00003', 'mem00411', 0, NULL, '2023-01-24 00:00:00'),
(674, 'COUPON00005', 'mem00438', 1, '2022-07-08 18:00:00', '2022-05-23 00:00:00'),
(675, 'COUPON00001', 'mem00457', 0, NULL, '2022-07-12 00:00:00'),
(676, 'COUPON00003', 'mem00468', 0, NULL, '2023-02-20 00:00:00'),
(677, 'COUPON00006', 'mem00469', 1, '2022-10-01 21:00:00', '2022-08-21 00:00:00'),
(678, 'COUPON00004', 'mem00441', 1, '2022-07-08 04:00:00', '2022-06-29 00:00:00'),
(679, 'COUPON00004', 'mem00297', 0, NULL, '2023-04-08 00:00:00'),
(680, 'COUPON00004', 'mem00164', 1, '2022-06-16 03:00:00', '2022-05-07 00:00:00'),
(681, 'COUPON00006', 'mem00427', 1, '2022-11-19 03:00:00', '2022-09-27 00:00:00'),
(682, 'COUPON00005', 'mem00141', 0, NULL, '2023-04-13 00:00:00'),
(683, 'COUPON00006', 'mem00424', 0, NULL, '2022-09-20 00:00:00'),
(684, 'COUPON00005', 'mem00199', 1, '2022-07-16 08:00:00', '2022-06-21 00:00:00'),
(685, 'COUPON00004', 'mem00220', 0, NULL, '2022-11-29 00:00:00'),
(686, 'COUPON00004', 'mem00002', 1, '2022-10-20 08:00:00', '2022-09-23 00:00:00'),
(687, 'COUPON00002', 'mem00352', 1, '2022-07-27 13:00:00', '2022-07-27 00:00:00'),
(688, 'COUPON00002', 'mem00254', 0, NULL, '2022-05-01 00:00:00'),
(689, 'COUPON00004', 'mem00212', 1, '2022-10-08 16:00:00', '2022-08-29 00:00:00');
INSERT INTO `mem_coupon_send` (`couponSend_sid`, `coupon_sid`, `member_sid`, `coupon_status`, `used_time`, `create_time`) VALUES
(690, 'COUPON00001', 'mem00297', 1, '2022-12-30 18:00:00', '2022-12-09 00:00:00'),
(691, 'COUPON00001', 'mem00349', 0, NULL, '2023-05-04 00:00:00'),
(692, 'COUPON00006', 'mem00356', 1, '2022-07-14 19:00:00', '2022-05-29 00:00:00'),
(693, 'COUPON00004', 'mem00229', 0, NULL, '2022-10-30 00:00:00'),
(694, 'COUPON00006', 'mem00078', 0, NULL, '2022-07-04 00:00:00'),
(695, 'COUPON00006', 'mem00203', 0, NULL, '2022-10-04 00:00:00'),
(696, 'COUPON00006', 'mem00278', 0, NULL, '2022-11-21 00:00:00'),
(697, 'COUPON00006', 'mem00282', 0, NULL, '2022-10-21 00:00:00'),
(698, 'COUPON00006', 'mem00076', 0, NULL, '2023-01-11 00:00:00'),
(699, 'COUPON00005', 'mem00032', 1, '2023-06-26 19:00:00', '2023-05-09 00:00:00'),
(700, 'COUPON00001', 'mem00434', 0, NULL, '2023-04-03 00:00:00'),
(701, 'COUPON00005', 'mem00072', 0, NULL, '2022-10-30 00:00:00'),
(702, 'COUPON00006', 'mem00057', 0, NULL, '2023-02-08 00:00:00'),
(703, 'COUPON00003', 'mem00067', 0, NULL, '2022-08-15 00:00:00'),
(704, 'COUPON00006', 'mem00165', 1, '2022-08-15 15:00:00', '2022-07-03 00:00:00'),
(705, 'COUPON00002', 'mem00122', 1, '2023-05-26 15:00:00', '2023-05-15 00:00:00'),
(706, 'COUPON00003', 'mem00115', 1, '2022-12-13 07:00:00', '2022-10-27 00:00:00'),
(707, 'COUPON00002', 'mem00208', 1, '2022-10-10 16:00:00', '2022-09-19 00:00:00'),
(708, 'COUPON00003', 'mem00196', 1, '2022-11-13 07:00:00', '2022-10-18 00:00:00'),
(709, 'COUPON00003', 'mem00357', 0, NULL, '2022-06-12 00:00:00'),
(710, 'COUPON00004', 'mem00195', 1, '2022-07-30 12:00:00', '2022-07-24 00:00:00'),
(711, 'COUPON00005', 'mem00402', 0, NULL, '2023-02-21 00:00:00'),
(712, 'COUPON00005', 'mem00424', 1, '2022-08-03 15:00:00', '2022-07-21 00:00:00'),
(713, 'COUPON00004', 'mem00415', 1, '2023-03-29 15:00:00', '2023-02-09 00:00:00'),
(714, 'COUPON00005', 'mem00300', 1, '2022-06-21 09:00:00', '2022-05-30 00:00:00'),
(715, 'COUPON00002', 'mem00257', 0, NULL, '2022-06-26 00:00:00'),
(716, 'COUPON00005', 'mem00383', 1, '2022-12-08 22:00:00', '2022-11-13 00:00:00'),
(717, 'COUPON00006', 'mem00146', 1, '2022-06-20 12:00:00', '2022-06-18 00:00:00'),
(718, 'COUPON00002', 'mem00080', 1, '2022-07-30 16:00:00', '2022-06-06 00:00:00'),
(719, 'COUPON00003', 'mem00461', 1, '2022-07-01 21:00:00', '2022-06-06 00:00:00'),
(720, 'COUPON00004', 'mem00065', 1, '2022-08-04 09:00:00', '2022-07-10 00:00:00'),
(721, 'COUPON00002', 'mem00440', 0, NULL, '2023-01-02 00:00:00'),
(722, 'COUPON00005', 'mem00007', 1, '2023-02-27 04:00:00', '2023-01-09 00:00:00'),
(723, 'COUPON00005', 'mem00215', 0, NULL, '2022-09-26 00:00:00'),
(724, 'COUPON00005', 'mem00050', 1, '2023-06-16 20:00:00', '2023-04-28 00:00:00'),
(725, 'COUPON00004', 'mem00108', 1, '2023-01-19 14:00:00', '2022-12-09 00:00:00'),
(726, 'COUPON00005', 'mem00386', 1, '2022-07-23 12:00:00', '2022-05-26 00:00:00'),
(727, 'COUPON00006', 'mem00107', 0, NULL, '2022-12-09 00:00:00'),
(728, 'COUPON00002', 'mem00378', 1, '2023-03-18 17:00:00', '2023-01-30 00:00:00'),
(729, 'COUPON00004', 'mem00066', 0, NULL, '2023-03-17 00:00:00'),
(730, 'COUPON00002', 'mem00196', 1, '2022-05-20 02:00:00', '2022-05-17 00:00:00'),
(731, 'COUPON00004', 'mem00281', 1, '2023-03-16 03:00:00', '2023-01-23 00:00:00'),
(732, 'COUPON00001', 'mem00317', 0, NULL, '2022-09-21 00:00:00'),
(733, 'COUPON00003', 'mem00240', 1, '2023-03-01 12:00:00', '2023-02-18 00:00:00'),
(734, 'COUPON00001', 'mem00249', 0, NULL, '2023-02-01 00:00:00'),
(735, 'COUPON00002', 'mem00025', 1, '2022-09-16 03:00:00', '2022-08-26 00:00:00'),
(736, 'COUPON00004', 'mem00378', 1, '2022-10-01 02:00:00', '2022-09-20 00:00:00'),
(737, 'COUPON00002', 'mem00316', 1, '2023-06-15 23:00:00', '2023-04-25 00:00:00'),
(738, 'COUPON00005', 'mem00444', 1, '2023-01-24 15:00:00', '2022-12-09 00:00:00'),
(739, 'COUPON00005', 'mem00271', 0, NULL, '2022-06-02 00:00:00'),
(740, 'COUPON00006', 'mem00022', 1, '2023-02-03 07:00:00', '2023-01-17 00:00:00'),
(741, 'COUPON00001', 'mem00299', 0, NULL, '2022-07-05 00:00:00'),
(742, 'COUPON00005', 'mem00428', 0, NULL, '2023-03-02 00:00:00'),
(743, 'COUPON00001', 'mem00243', 0, NULL, '2022-10-31 00:00:00'),
(744, 'COUPON00005', 'mem00432', 0, NULL, '2023-05-17 00:00:00'),
(745, 'COUPON00001', 'mem00428', 0, NULL, '2022-12-01 00:00:00'),
(746, 'COUPON00003', 'mem00343', 0, NULL, '2023-03-06 00:00:00'),
(747, 'COUPON00001', 'mem00429', 1, '2022-09-21 13:00:00', '2022-09-15 00:00:00'),
(748, 'COUPON00006', 'mem00118', 0, NULL, '2022-09-22 00:00:00'),
(749, 'COUPON00001', 'mem00302', 1, '2023-04-14 18:00:00', '2023-03-05 00:00:00'),
(750, 'COUPON00001', 'mem00153', 0, NULL, '2023-04-11 00:00:00'),
(751, 'COUPON00006', 'mem00361', 0, NULL, '2022-06-08 00:00:00'),
(752, 'COUPON00004', 'mem00347', 0, NULL, '2023-02-26 00:00:00'),
(753, 'COUPON00001', 'mem00148', 0, NULL, '2023-01-02 00:00:00'),
(754, 'COUPON00004', 'mem00202', 1, '2023-03-26 06:00:00', '2023-03-22 00:00:00'),
(755, 'COUPON00001', 'mem00062', 1, '2022-09-22 20:00:00', '2022-09-04 00:00:00'),
(756, 'COUPON00002', 'mem00206', 0, NULL, '2022-06-06 00:00:00'),
(757, 'COUPON00006', 'mem00343', 1, '2022-11-22 10:00:00', '2022-11-01 00:00:00'),
(758, 'COUPON00005', 'mem00098', 0, NULL, '2022-06-19 00:00:00'),
(759, 'COUPON00006', 'mem00459', 0, NULL, '2022-07-14 00:00:00'),
(760, 'COUPON00002', 'mem00001', 1, '2023-05-17 12:40:17', '2022-12-12 00:00:00'),
(761, 'COUPON00003', 'mem00127', 0, NULL, '2022-09-16 00:00:00'),
(762, 'COUPON00004', 'mem00131', 0, NULL, '2022-05-18 00:00:00'),
(763, 'COUPON00003', 'mem00276', 0, NULL, '2022-06-22 00:00:00'),
(764, 'COUPON00002', 'mem00483', 1, '2023-01-14 15:00:00', '2022-11-25 00:00:00'),
(765, 'COUPON00005', 'mem00089', 0, NULL, '2022-09-01 00:00:00'),
(766, 'COUPON00004', 'mem00495', 1, '2023-05-15 21:00:00', '2023-05-07 00:00:00'),
(767, 'COUPON00003', 'mem00209', 1, '2023-04-19 12:00:00', '2023-04-07 00:00:00'),
(768, 'COUPON00001', 'mem00059', 1, '2023-01-04 19:00:00', '2022-11-30 00:00:00'),
(769, 'COUPON00005', 'mem00166', 0, NULL, '2022-06-11 00:00:00'),
(770, 'COUPON00006', 'mem00153', 1, '2023-04-16 13:00:00', '2023-03-26 00:00:00'),
(771, 'COUPON00004', 'mem00265', 0, NULL, '2023-05-13 00:00:00'),
(772, 'COUPON00005', 'mem00367', 1, '2022-09-14 06:00:00', '2022-09-14 00:00:00'),
(773, 'COUPON00003', 'mem00041', 0, NULL, '2023-03-11 00:00:00'),
(774, 'COUPON00006', 'mem00101', 1, '2022-07-13 14:00:00', '2022-05-18 00:00:00'),
(775, 'COUPON00006', 'mem00381', 1, '2023-03-26 06:00:00', '2023-02-12 00:00:00'),
(776, 'COUPON00001', 'mem00101', 0, NULL, '2022-12-25 00:00:00'),
(777, 'COUPON00006', 'mem00361', 1, '2023-05-09 14:00:00', '2023-03-29 00:00:00'),
(778, 'COUPON00002', 'mem00003', 1, '2022-11-20 05:00:00', '2022-10-30 00:00:00'),
(779, 'COUPON00003', 'mem00431', 1, '2023-04-02 06:00:00', '2023-02-20 00:00:00'),
(780, 'COUPON00005', 'mem00147', 1, '2022-11-07 14:00:00', '2022-10-16 00:00:00'),
(781, 'COUPON00006', 'mem00441', 0, NULL, '2023-04-01 00:00:00'),
(782, 'COUPON00002', 'mem00262', 1, '2022-07-15 03:00:00', '2022-05-27 00:00:00'),
(783, 'COUPON00001', 'mem00488', 0, NULL, '2023-01-26 00:00:00'),
(784, 'COUPON00001', 'mem00155', 1, '2022-11-02 00:00:00', '2022-09-05 00:00:00'),
(785, 'COUPON00004', 'mem00309', 0, NULL, '2022-11-23 00:00:00'),
(786, 'COUPON00004', 'mem00080', 1, '2023-02-16 14:00:00', '2023-01-25 00:00:00'),
(787, 'COUPON00006', 'mem00470', 0, NULL, '2023-04-12 00:00:00'),
(788, 'COUPON00001', 'mem00112', 1, '2022-12-04 20:00:00', '2022-10-07 00:00:00'),
(789, 'COUPON00003', 'mem00147', 1, '2022-11-01 14:00:00', '2022-09-16 00:00:00'),
(790, 'COUPON00002', 'mem00401', 0, NULL, '2022-12-04 00:00:00'),
(791, 'COUPON00005', 'mem00062', 0, NULL, '2023-02-12 00:00:00'),
(792, 'COUPON00006', 'mem00105', 1, '2022-07-16 09:00:00', '2022-05-21 00:00:00'),
(793, 'COUPON00001', 'mem00342', 0, NULL, '2022-05-04 00:00:00'),
(794, 'COUPON00006', 'mem00392', 0, NULL, '2023-04-06 00:00:00'),
(795, 'COUPON00004', 'mem00434', 0, NULL, '2022-10-11 00:00:00'),
(796, 'COUPON00005', 'mem00492', 1, '2022-11-15 06:00:00', '2022-10-24 00:00:00'),
(797, 'COUPON00002', 'mem00157', 1, '2022-05-10 23:00:00', '2022-05-09 00:00:00'),
(798, 'COUPON00005', 'mem00311', 0, NULL, '2023-02-04 00:00:00'),
(799, 'COUPON00005', 'mem00083', 1, '2022-12-16 00:00:00', '2022-12-13 00:00:00'),
(800, 'COUPON00006', 'mem00480', 0, NULL, '2023-02-16 00:00:00'),
(801, 'COUPON00004', 'mem00151', 0, NULL, '2022-05-15 00:00:00'),
(802, 'COUPON00004', 'mem00313', 1, '2023-04-19 03:00:00', '2023-04-10 00:00:00'),
(803, 'COUPON00003', 'mem00113', 1, '2022-11-03 15:00:00', '2022-09-28 00:00:00'),
(804, 'COUPON00004', 'mem00126', 0, NULL, '2022-08-12 00:00:00'),
(805, 'COUPON00004', 'mem00288', 0, NULL, '2022-07-03 00:00:00'),
(806, 'COUPON00001', 'mem00064', 1, '2022-06-12 18:00:00', '2022-05-08 00:00:00'),
(807, 'COUPON00005', 'mem00456', 1, '2022-12-25 22:00:00', '2022-12-17 00:00:00'),
(808, 'COUPON00003', 'mem00084', 1, '2023-06-26 07:00:00', '2023-04-30 00:00:00'),
(809, 'COUPON00005', 'mem00055', 1, '2023-05-22 19:00:00', '2023-05-03 00:00:00'),
(810, 'COUPON00004', 'mem00023', 1, '2023-06-16 01:00:00', '2023-04-30 00:00:00'),
(811, 'COUPON00003', 'mem00447', 1, '2023-05-25 22:00:00', '2023-03-31 00:00:00'),
(812, 'COUPON00002', 'mem00169', 0, NULL, '2022-11-13 00:00:00'),
(813, 'COUPON00003', 'mem00500', 0, NULL, '2023-04-28 00:00:00'),
(814, 'COUPON00001', 'mem00493', 0, NULL, '2022-07-17 00:00:00'),
(815, 'COUPON00003', 'mem00466', 1, '2022-07-19 10:00:00', '2022-07-01 00:00:00'),
(816, 'COUPON00001', 'mem00348', 1, '2022-08-30 09:00:00', '2022-07-17 00:00:00'),
(817, 'COUPON00004', 'mem00344', 0, NULL, '2022-11-21 00:00:00'),
(818, 'COUPON00001', 'mem00176', 1, '2022-07-09 14:00:00', '2022-05-24 00:00:00'),
(819, 'COUPON00004', 'mem00345', 1, '2023-03-05 19:00:00', '2023-01-25 00:00:00'),
(820, 'COUPON00004', 'mem00196', 0, NULL, '2022-09-08 00:00:00'),
(821, 'COUPON00006', 'mem00447', 0, NULL, '2022-12-12 00:00:00'),
(822, 'COUPON00003', 'mem00144', 1, '2023-06-18 06:00:00', '2023-04-20 00:00:00'),
(823, 'COUPON00005', 'mem00378', 0, NULL, '2023-03-29 00:00:00'),
(824, 'COUPON00001', 'mem00460', 0, NULL, '2022-12-05 00:00:00'),
(825, 'COUPON00005', 'mem00166', 1, '2022-09-28 22:00:00', '2022-08-03 00:00:00'),
(826, 'COUPON00003', 'mem00449', 0, NULL, '2022-11-14 00:00:00'),
(827, 'COUPON00004', 'mem00247', 1, '2023-05-04 20:00:00', '2023-03-19 00:00:00'),
(828, 'COUPON00002', 'mem00387', 0, NULL, '2023-01-11 00:00:00'),
(829, 'COUPON00003', 'mem00195', 0, NULL, '2023-03-06 00:00:00'),
(830, 'COUPON00002', 'mem00313', 1, '2022-05-19 12:00:00', '2022-05-16 00:00:00'),
(831, 'COUPON00005', 'mem00477', 1, '2023-04-19 21:00:00', '2023-02-22 00:00:00'),
(832, 'COUPON00003', 'mem00448', 0, NULL, '2023-02-18 00:00:00'),
(833, 'COUPON00004', 'mem00306', 0, NULL, '2022-11-12 00:00:00'),
(834, 'COUPON00006', 'mem00186', 0, NULL, '2022-08-02 00:00:00'),
(835, 'COUPON00003', 'mem00014', 0, NULL, '2023-01-20 00:00:00'),
(836, 'COUPON00005', 'mem00010', 1, '2023-03-08 23:00:00', '2023-02-03 00:00:00'),
(837, 'COUPON00003', 'mem00008', 0, NULL, '2022-12-05 00:00:00'),
(838, 'COUPON00005', 'mem00010', 1, '2023-03-10 02:00:00', '2023-01-10 00:00:00'),
(839, 'COUPON00006', 'mem00024', 1, '2023-01-06 14:00:00', '2022-12-24 00:00:00'),
(840, 'COUPON00005', 'mem00092', 0, NULL, '2022-06-12 00:00:00'),
(841, 'COUPON00001', 'mem00386', 0, NULL, '2023-01-17 00:00:00'),
(842, 'COUPON00003', 'mem00155', 1, '2022-06-14 16:00:00', '2022-06-04 00:00:00'),
(843, 'COUPON00005', 'mem00115', 0, NULL, '2022-09-30 00:00:00'),
(844, 'COUPON00004', 'mem00110', 0, NULL, '2023-02-01 00:00:00'),
(845, 'COUPON00006', 'mem00203', 1, '2022-10-21 15:00:00', '2022-10-09 00:00:00'),
(846, 'COUPON00004', 'mem00184', 0, NULL, '2023-04-27 00:00:00'),
(847, 'COUPON00001', 'mem00310', 1, '2022-11-25 00:00:00', '2022-10-25 00:00:00'),
(848, 'COUPON00004', 'mem00500', 0, NULL, '2022-10-30 00:00:00'),
(849, 'COUPON00001', 'mem00067', 0, NULL, '2023-05-16 00:00:00'),
(850, 'COUPON00004', 'mem00334', 0, NULL, '2022-11-25 00:00:00'),
(851, 'COUPON00002', 'mem00472', 1, '2023-04-05 03:00:00', '2023-02-07 00:00:00'),
(852, 'COUPON00006', 'mem00355', 1, '2022-06-05 18:00:00', '2022-05-24 00:00:00'),
(853, 'COUPON00006', 'mem00357', 0, NULL, '2022-06-05 00:00:00'),
(854, 'COUPON00003', 'mem00222', 0, NULL, '2022-08-17 00:00:00'),
(855, 'COUPON00003', 'mem00039', 0, NULL, '2022-06-21 00:00:00'),
(856, 'COUPON00002', 'mem00029', 0, NULL, '2023-03-09 00:00:00'),
(857, 'COUPON00005', 'mem00025', 0, NULL, '2023-01-19 00:00:00'),
(858, 'COUPON00001', 'mem00037', 1, '2023-05-27 05:00:00', '2023-05-15 00:00:00'),
(859, 'COUPON00005', 'mem00109', 1, '2023-04-30 21:00:00', '2023-04-08 00:00:00'),
(860, 'COUPON00006', 'mem00436', 0, NULL, '2022-11-11 00:00:00'),
(861, 'COUPON00003', 'mem00353', 0, NULL, '2023-03-22 00:00:00'),
(862, 'COUPON00003', 'mem00456', 0, NULL, '2023-02-04 00:00:00'),
(863, 'COUPON00003', 'mem00219', 0, NULL, '2022-06-07 00:00:00'),
(864, 'COUPON00005', 'mem00226', 1, '2022-09-10 20:00:00', '2022-08-24 00:00:00'),
(865, 'COUPON00003', 'mem00475', 0, NULL, '2022-07-21 00:00:00'),
(866, 'COUPON00001', 'mem00194', 0, NULL, '2022-06-29 00:00:00'),
(867, 'COUPON00001', 'mem00043', 1, '2022-07-16 09:00:00', '2022-06-26 00:00:00'),
(868, 'COUPON00002', 'mem00136', 0, NULL, '2022-08-11 00:00:00'),
(869, 'COUPON00001', 'mem00050', 0, NULL, '2023-04-09 00:00:00'),
(870, 'COUPON00005', 'mem00342', 1, '2023-03-08 09:00:00', '2023-01-19 00:00:00'),
(871, 'COUPON00001', 'mem00060', 0, NULL, '2023-02-11 00:00:00'),
(872, 'COUPON00005', 'mem00273', 0, NULL, '2023-01-16 00:00:00'),
(873, 'COUPON00006', 'mem00183', 1, '2022-07-01 20:00:00', '2022-07-01 00:00:00'),
(874, 'COUPON00003', 'mem00098', 1, '2023-03-24 23:00:00', '2023-02-14 00:00:00'),
(875, 'COUPON00005', 'mem00441', 0, NULL, '2022-08-27 00:00:00'),
(876, 'COUPON00001', 'mem00409', 1, '2022-08-25 09:00:00', '2022-08-13 00:00:00'),
(877, 'COUPON00001', 'mem00220', 0, NULL, '2022-10-17 00:00:00'),
(878, 'COUPON00002', 'mem00373', 0, NULL, '2022-09-27 00:00:00'),
(879, 'COUPON00005', 'mem00206', 0, NULL, '2022-12-28 00:00:00'),
(880, 'COUPON00006', 'mem00411', 0, NULL, '2023-05-10 00:00:00'),
(881, 'COUPON00005', 'mem00435', 1, '2022-05-05 22:00:00', '2022-05-01 00:00:00'),
(882, 'COUPON00004', 'mem00440', 0, NULL, '2022-05-29 00:00:00'),
(883, 'COUPON00006', 'mem00397', 1, '2022-11-02 09:00:00', '2022-09-16 00:00:00'),
(884, 'COUPON00006', 'mem00165', 1, '2023-01-22 05:00:00', '2022-12-11 00:00:00'),
(885, 'COUPON00006', 'mem00132', 1, '2023-04-01 23:00:00', '2023-03-24 00:00:00'),
(886, 'COUPON00005', 'mem00167', 1, '2022-12-22 02:00:00', '2022-11-14 00:00:00'),
(887, 'COUPON00004', 'mem00435', 1, '2022-06-17 16:00:00', '2022-05-05 00:00:00'),
(888, 'COUPON00001', 'mem00176', 1, '2022-12-26 03:00:00', '2022-11-12 00:00:00'),
(889, 'COUPON00004', 'mem00072', 0, NULL, '2022-11-16 00:00:00'),
(890, 'COUPON00006', 'mem00332', 1, '2022-06-28 13:00:00', '2022-05-30 00:00:00'),
(891, 'COUPON00006', 'mem00444', 1, '2023-03-26 06:00:00', '2023-03-11 00:00:00'),
(892, 'COUPON00005', 'mem00225', 0, NULL, '2023-04-01 00:00:00'),
(893, 'COUPON00005', 'mem00290', 0, NULL, '2023-04-18 00:00:00'),
(894, 'COUPON00004', 'mem00276', 1, '2023-06-27 17:00:00', '2023-05-11 00:00:00'),
(895, 'COUPON00005', 'mem00011', 1, '2022-07-05 20:00:00', '2022-06-23 00:00:00'),
(896, 'COUPON00005', 'mem00225', 0, NULL, '2023-02-12 00:00:00'),
(897, 'COUPON00006', 'mem00093', 0, NULL, '2022-09-09 00:00:00'),
(898, 'COUPON00001', 'mem00288', 1, '2022-12-05 00:00:00', '2022-10-25 00:00:00'),
(899, 'COUPON00005', 'mem00159', 1, '2022-10-03 12:00:00', '2022-08-18 00:00:00'),
(900, 'COUPON00001', 'mem00433', 1, '2022-07-02 15:00:00', '2022-05-14 00:00:00'),
(901, 'COUPON00004', 'mem00186', 1, '2022-10-19 13:00:00', '2022-09-01 00:00:00'),
(902, 'COUPON00005', 'mem00133', 0, NULL, '2022-11-11 00:00:00'),
(903, 'COUPON00004', 'mem00105', 1, '2023-01-08 21:00:00', '2022-12-06 00:00:00'),
(904, 'COUPON00005', 'mem00125', 1, '2022-10-01 16:00:00', '2022-09-08 00:00:00'),
(905, 'COUPON00002', 'mem00312', 1, '2023-05-28 16:00:00', '2023-05-12 00:00:00'),
(906, 'COUPON00006', 'mem00183', 0, NULL, '2023-04-09 00:00:00'),
(907, 'COUPON00001', 'mem00477', 0, NULL, '2022-11-25 00:00:00'),
(908, 'COUPON00002', 'mem00335', 0, NULL, '2022-05-13 00:00:00'),
(909, 'COUPON00003', 'mem00244', 1, '2022-11-28 07:00:00', '2022-11-16 00:00:00'),
(910, 'COUPON00001', 'mem00213', 0, NULL, '2022-11-14 00:00:00'),
(911, 'COUPON00006', 'mem00334', 1, '2022-05-18 12:00:00', '2022-05-07 00:00:00'),
(912, 'COUPON00005', 'mem00032', 0, NULL, '2022-11-19 00:00:00'),
(913, 'COUPON00001', 'mem00154', 0, NULL, '2022-12-16 00:00:00'),
(914, 'COUPON00006', 'mem00177', 1, '2022-10-24 15:00:00', '2022-10-04 00:00:00'),
(915, 'COUPON00002', 'mem00421', 0, NULL, '2022-08-06 00:00:00'),
(916, 'COUPON00005', 'mem00074', 1, '2022-05-24 13:00:00', '2022-05-16 00:00:00'),
(917, 'COUPON00001', 'mem00105', 1, '2022-11-22 20:00:00', '2022-10-13 00:00:00'),
(918, 'COUPON00002', 'mem00305', 0, NULL, '2022-05-19 00:00:00'),
(919, 'COUPON00001', 'mem00206', 1, '2023-06-25 13:00:00', '2023-04-28 00:00:00'),
(920, 'COUPON00004', 'mem00117', 1, '2023-01-31 08:00:00', '2022-12-12 00:00:00'),
(921, 'COUPON00006', 'mem00467', 0, NULL, '2022-06-11 00:00:00'),
(922, 'COUPON00004', 'mem00481', 1, '2023-03-08 23:00:00', '2023-02-21 00:00:00'),
(923, 'COUPON00003', 'mem00004', 1, '2023-01-16 20:00:00', '2022-11-29 00:00:00'),
(924, 'COUPON00001', 'mem00079', 0, NULL, '2022-10-18 00:00:00'),
(925, 'COUPON00001', 'mem00381', 0, NULL, '2022-12-03 00:00:00'),
(926, 'COUPON00004', 'mem00168', 0, NULL, '2022-11-05 00:00:00'),
(927, 'COUPON00001', 'mem00196', 0, NULL, '2023-02-17 00:00:00'),
(928, 'COUPON00002', 'mem00475', 0, NULL, '2022-09-11 00:00:00'),
(929, 'COUPON00006', 'mem00289', 1, '2022-11-03 09:00:00', '2022-10-18 00:00:00'),
(930, 'COUPON00004', 'mem00017', 0, NULL, '2022-07-09 00:00:00'),
(931, 'COUPON00004', 'mem00219', 0, NULL, '2022-12-06 00:00:00'),
(932, 'COUPON00006', 'mem00041', 0, NULL, '2022-09-03 00:00:00'),
(933, 'COUPON00001', 'mem00049', 0, NULL, '2023-04-16 00:00:00'),
(934, 'COUPON00002', 'mem00119', 1, '2023-02-10 04:00:00', '2022-12-17 00:00:00'),
(935, 'COUPON00001', 'mem00450', 0, NULL, '2022-08-11 00:00:00'),
(936, 'COUPON00003', 'mem00393', 1, '2023-01-02 23:00:00', '2022-11-17 00:00:00'),
(937, 'COUPON00002', 'mem00116', 1, '2023-03-20 04:00:00', '2023-03-11 00:00:00'),
(938, 'COUPON00006', 'mem00397', 0, NULL, '2022-11-24 00:00:00'),
(939, 'COUPON00005', 'mem00139', 0, NULL, '2022-08-01 00:00:00'),
(940, 'COUPON00006', 'mem00004', 0, NULL, '2022-12-11 00:00:00'),
(941, 'COUPON00001', 'mem00102', 1, '2022-08-10 21:00:00', '2022-07-17 00:00:00'),
(942, 'COUPON00006', 'mem00497', 1, '2022-09-11 23:00:00', '2022-08-06 00:00:00'),
(943, 'COUPON00006', 'mem00178', 0, NULL, '2023-01-12 00:00:00'),
(944, 'COUPON00003', 'mem00397', 0, NULL, '2022-12-10 00:00:00'),
(945, 'COUPON00005', 'mem00452', 1, '2023-06-05 04:00:00', '2023-04-16 00:00:00'),
(946, 'COUPON00001', 'mem00068', 0, NULL, '2023-03-12 00:00:00'),
(947, 'COUPON00006', 'mem00482', 0, NULL, '2022-09-23 00:00:00'),
(948, 'COUPON00001', 'mem00208', 1, '2022-10-29 23:00:00', '2022-10-10 00:00:00'),
(949, 'COUPON00005', 'mem00092', 0, NULL, '2023-05-10 00:00:00'),
(950, 'COUPON00005', 'mem00335', 1, '2023-01-04 08:00:00', '2022-12-26 00:00:00'),
(951, 'COUPON00002', 'mem00399', 1, '2022-08-30 17:00:00', '2022-07-15 00:00:00'),
(952, 'COUPON00005', 'mem00489', 1, '2022-07-03 15:00:00', '2022-06-08 00:00:00'),
(953, 'COUPON00002', 'mem00249', 1, '2023-05-30 23:00:00', '2023-04-13 00:00:00'),
(954, 'COUPON00005', 'mem00275', 1, '2022-09-17 01:00:00', '2022-08-05 00:00:00'),
(955, 'COUPON00006', 'mem00128', 1, '2022-11-29 09:00:00', '2022-11-18 00:00:00'),
(956, 'COUPON00004', 'mem00316', 1, '2023-05-18 12:00:00', '2023-04-01 00:00:00'),
(957, 'COUPON00001', 'mem00196', 1, '2023-03-28 14:00:00', '2023-03-05 00:00:00'),
(958, 'COUPON00006', 'mem00032', 1, '2022-11-09 08:00:00', '2022-10-05 00:00:00'),
(959, 'COUPON00002', 'mem00071', 0, NULL, '2022-12-27 00:00:00'),
(960, 'COUPON00005', 'mem00257', 0, NULL, '2023-04-17 00:00:00'),
(961, 'COUPON00006', 'mem00071', 0, NULL, '2023-01-24 00:00:00'),
(962, 'COUPON00006', 'mem00083', 1, '2023-04-01 00:00:00', '2023-02-14 00:00:00'),
(963, 'COUPON00002', 'mem00202', 0, NULL, '2023-01-15 00:00:00'),
(964, 'COUPON00002', 'mem00260', 0, NULL, '2022-06-19 00:00:00'),
(965, 'COUPON00004', 'mem00194', 1, '2022-12-20 01:00:00', '2022-12-16 00:00:00'),
(966, 'COUPON00002', 'mem00191', 0, NULL, '2022-12-22 00:00:00'),
(967, 'COUPON00002', 'mem00371', 0, NULL, '2022-08-17 00:00:00'),
(968, 'COUPON00003', 'mem00282', 1, '2022-12-07 04:00:00', '2022-12-05 00:00:00'),
(969, 'COUPON00005', 'mem00295', 0, NULL, '2022-05-04 00:00:00'),
(970, 'COUPON00001', 'mem00130', 1, '2022-11-01 14:00:00', '2022-09-04 00:00:00'),
(971, 'COUPON00004', 'mem00266', 0, NULL, '2022-12-25 00:00:00'),
(972, 'COUPON00003', 'mem00439', 1, '2022-08-04 14:00:00', '2022-06-19 00:00:00'),
(973, 'COUPON00005', 'mem00398', 0, NULL, '2023-02-22 00:00:00'),
(974, 'COUPON00006', 'mem00170', 1, '2023-01-04 02:00:00', '2022-11-08 00:00:00'),
(975, 'COUPON00006', 'mem00155', 1, '2022-07-29 20:00:00', '2022-07-04 00:00:00'),
(976, 'COUPON00003', 'mem00266', 1, '2022-09-26 21:00:00', '2022-09-09 00:00:00'),
(977, 'COUPON00001', 'mem00366', 1, '2022-07-30 21:00:00', '2022-07-19 00:00:00'),
(978, 'COUPON00004', 'mem00030', 0, NULL, '2022-05-04 00:00:00'),
(979, 'COUPON00005', 'mem00051', 1, '2022-10-15 14:00:00', '2022-10-10 00:00:00'),
(980, 'COUPON00001', 'mem00165', 1, '2022-07-30 08:00:00', '2022-06-08 00:00:00'),
(981, 'COUPON00001', 'mem00173', 0, NULL, '2022-07-27 00:00:00'),
(982, 'COUPON00001', 'mem00367', 1, '2023-03-22 02:00:00', '2023-03-17 00:00:00'),
(983, 'COUPON00001', 'mem00316', 1, '2022-12-30 04:00:00', '2022-11-12 00:00:00'),
(984, 'COUPON00002', 'mem00479', 1, '2022-06-29 18:00:00', '2022-05-15 00:00:00'),
(985, 'COUPON00005', 'mem00446', 0, NULL, '2023-01-04 00:00:00'),
(986, 'COUPON00006', 'mem00292', 0, NULL, '2022-06-24 00:00:00'),
(987, 'COUPON00002', 'mem00123', 0, NULL, '2023-02-14 00:00:00'),
(988, 'COUPON00005', 'mem00238', 0, NULL, '2022-09-17 00:00:00'),
(989, 'COUPON00006', 'mem00320', 0, NULL, '2022-11-25 00:00:00'),
(990, 'COUPON00002', 'mem00386', 1, '2023-01-23 07:00:00', '2022-12-30 00:00:00'),
(991, 'COUPON00004', 'mem00469', 0, NULL, '2022-11-29 00:00:00'),
(992, 'COUPON00002', 'mem00189', 1, '2023-05-08 04:00:00', '2023-03-25 00:00:00'),
(993, 'COUPON00003', 'mem00034', 1, '2023-01-25 23:00:00', '2022-12-29 00:00:00'),
(994, 'COUPON00002', 'mem00103', 0, NULL, '2022-12-14 00:00:00'),
(995, 'COUPON00002', 'mem00415', 0, NULL, '2022-05-26 00:00:00'),
(996, 'COUPON00003', 'mem00263', 0, NULL, '2022-11-29 00:00:00'),
(997, 'COUPON00001', 'mem00072', 0, NULL, '2022-12-06 00:00:00'),
(998, 'COUPON00004', 'mem00068', 1, '2022-07-27 08:00:00', '2022-07-20 00:00:00'),
(999, 'COUPON00001', 'mem00126', 0, NULL, '2022-09-03 00:00:00'),
(1000, 'COUPON00002', 'mem00425', 1, '2022-05-16 16:00:00', '2022-05-04 00:00:00'),
(1024, 'COUPON00006 ', 'mem00286', 0, '2023-05-17 06:37:17', '2023-05-17 06:37:17');

-- --------------------------------------------------------

--
-- Table structure for table `mem_coupon_type`
--

CREATE TABLE `mem_coupon_type` (
  `coupon_sid` varchar(255) NOT NULL,
  `coupon_code` varchar(255) NOT NULL,
  `coupon_name` varchar(255) NOT NULL,
  `coupon_price` int(11) NOT NULL,
  `coupon_startDate` datetime NOT NULL,
  `coupon_expDate` datetime NOT NULL,
  `update_time` datetime NOT NULL DEFAULT CURRENT_TIMESTAMP,
  `create_time` datetime NOT NULL DEFAULT CURRENT_TIMESTAMP
) ENGINE=InnoDB DEFAULT CHARSET=utf8mb4;

--
-- Dumping data for table `mem_coupon_type`
--

INSERT INTO `mem_coupon_type` (`coupon_sid`, `coupon_code`, `coupon_name`, `coupon_price`, `coupon_startDate`, `coupon_expDate`, `update_time`, `create_time`) VALUES
('COUPON00001', 'all100', '全站100', 100, '2023-01-01 00:00:00', '2023-12-31 00:00:00', '2023-05-15 11:36:56', '2023-05-15 11:36:56'),
('COUPON00002', 'all200', '全站200', 200, '2023-03-01 00:00:00', '2024-03-31 00:00:00', '2023-05-15 11:37:41', '2023-05-15 11:37:41'),
('COUPON00003', 'all300', '全站300', 3000, '2023-03-01 00:00:00', '2024-05-31 00:00:00', '2023-05-15 11:37:57', '2023-05-15 11:37:57'),
('COUPON00004', 'all400', '全站400', 400, '2023-05-01 00:00:00', '2023-06-30 00:00:00', '2023-05-15 15:39:15', '2023-05-15 15:39:15'),
('COUPON00005', 'all500', '全站500', 500, '2023-06-01 00:00:00', '2023-08-31 00:00:00', '2023-05-15 15:44:56', '2023-05-15 15:44:56'),
('COUPON00006', 'all600', '全站600', 600, '2023-05-01 00:00:00', '2023-05-31 00:00:00', '2023-05-15 15:49:05', '2023-05-15 15:49:05');

-- --------------------------------------------------------

--
-- Table structure for table `mem_member`
--

CREATE TABLE `mem_member` (
  `member_sid` varchar(255) NOT NULL,
  `member_name` varchar(255) NOT NULL,
  `member_email` varchar(255) NOT NULL,
  `member_password` varchar(255) NOT NULL,
  `member_mobile` varchar(11) NOT NULL,
  `member_gender` varchar(11) NOT NULL,
  `member_birth` date DEFAULT NULL,
  `member_pet` varchar(11) NOT NULL,
  `member_level` varchar(255) NOT NULL,
  `member_ID` varchar(255) NOT NULL,
  `member_profile` varchar(255) NOT NULL,
  `create_time` datetime DEFAULT CURRENT_TIMESTAMP,
  `update_time` datetime DEFAULT CURRENT_TIMESTAMP
) ENGINE=InnoDB DEFAULT CHARSET=utf8mb4;

--
-- Dumping data for table `mem_member`
--

INSERT INTO `mem_member` (`member_sid`, `member_name`, `member_email`, `member_password`, `member_mobile`, `member_gender`, `member_birth`, `member_pet`, `member_level`, `member_ID`, `member_profile`, `create_time`, `update_time`) VALUES
('mem00001', '程怡君', 'mail85862@test.com', 'pwd22842', '0918734678', '男', '1986-09-22', '貓', '銅牌', 'Oakley20762', 'img01', '2023-03-24 11:38:06', '2023-04-01 08:34:50'),
('mem00002', '曹家豪', 'mail65109@test.com', 'pwd33184', '0918384098', '女', '1985-01-23', '狗貓', '銀牌', 'Albie95416', 'img01', '2023-03-09 03:41:50', '2023-04-28 19:33:23'),
('mem00003', '何冠廷', 'mail50332@test.com', 'pwd62541', '0918499256', '女', '1988-12-29', '其他', '銅牌', 'Hudson82314', 'img01', '2023-03-30 14:22:47', '2023-04-25 23:58:58'),
('mem00004', '朱怡萱', 'mail54326@test.com', 'pwd70225', '0918953205', '女', '1993-07-29', '其他', '銀牌', 'Elijah88009', 'img01', '2023-03-20 01:50:14', '2023-04-16 00:24:53'),
('mem00005', '李彥廷', 'mail70880@test.com', 'pwd50152', '0918763069', '女', '1990-12-16', '貓', '金牌', 'James89678', 'img01', '2023-03-25 19:45:05', '2023-04-16 13:58:45'),
('mem00006', '曾怡君', 'mail40073@test.com', 'pwd82214', '0918364546', '女', '1995-12-06', '貓', '銀牌', 'Albert95337', 'img01', '2023-03-21 02:59:28', '2023-04-18 11:42:29'),
('mem00007', '王柏翰', 'mail82331@test.com', 'pwd43426', '0918149263', '男', '1997-11-04', '貓', '銅牌', 'James37631', 'img01', '2023-03-20 00:29:26', '2023-04-30 10:34:13'),
('mem00008', '何宗翰', 'mail74633@test.com', 'pwd56786', '0918464182', '女', '1987-07-19', '狗貓', '銅牌', 'Caleb10755', 'img01', '2023-03-17 08:31:40', '2023-04-24 07:35:51'),
('mem00009', '程家瑋', 'mail37503@test.com', 'pwd64337', '0918630874', '女', '1994-11-01', '狗', '銀牌', 'Isaac94127', 'img01', '2023-03-16 19:03:34', '2023-04-15 19:33:04'),
('mem00010', '鄧家瑋', 'mail40247@test.com', 'pwd68971', '0918871772', '男', '1987-01-28', '貓', '銀牌', 'Oliver22346', 'img01', '2023-03-13 10:33:40', '2023-04-22 00:27:22'),
('mem00011', '袁怡婷', 'mail21562@test.com', 'pwd39374', '0918820477', '女', '1985-12-12', '狗貓', '金牌', 'Edward74481', 'img01', '2023-03-28 00:58:59', '2023-04-19 05:31:23'),
('mem00012', '張怡君', 'mail76585@test.com', 'pwd87221', '0918989371', '男', '1989-04-17', '狗貓', '金牌', 'Rupert97902', 'img01', '2023-03-12 03:29:21', '2023-04-03 01:36:21'),
('mem00013', '曹家豪', 'mail89487@test.com', 'pwd60955', '0918444544', '男', '1996-12-24', '狗', '金牌', 'Albie97828', 'img01', '2023-03-25 00:15:17', '2023-04-30 09:40:09'),
('mem00014', '羅柏翰', 'mail67136@test.com', 'pwd18481', '0918506281', '女', '1988-06-28', '其他', '銅牌', 'Arlo70656', 'img01', '2023-03-01 09:36:09', '2023-04-17 23:44:49'),
('mem00015', '陳雅筑', 'mail85204@test.com', 'pwd76035', '0918282724', '女', '1990-09-19', '狗貓', '銅牌', 'Ralph15540', 'img01', '2023-03-14 08:26:32', '2023-04-05 12:38:12'),
('mem00016', '陳彥廷', 'mail34051@test.com', 'pwd21766', '0918700610', '男', '1985-12-11', '貓', '金牌', 'Elliot53047', 'img01', '2023-03-12 10:29:17', '2023-04-20 18:30:42'),
('mem00017', '梁冠霖', 'mail69677@test.com', 'pwd73230', '0918336321', '女', '1999-10-26', '狗', '銅牌', 'Isaac14224', 'img01', '2023-03-04 19:00:57', '2023-04-08 15:46:18'),
('mem00018', '黃詩涵', 'mail88170@test.com', 'pwd80534', '0918719780', '女', '1990-01-01', '狗', '銀牌', 'Ronnie32467', 'img01', '2023-03-17 10:52:09', '2023-04-06 21:53:53'),
('mem00019', '鄧雅筑', 'mail50558@test.com', 'pwd46450', '0918851156', '女', '1989-02-13', '狗貓', '銅牌', 'Rory13104', 'img01', '2023-03-13 20:28:59', '2023-04-02 03:49:34'),
('mem00020', '程家豪', 'mail79493@test.com', 'pwd41968', '0918584430', '男', '1993-05-20', '狗貓', '銀牌', 'Charlie79186', 'img01', '2023-03-29 17:30:34', '2023-04-15 14:00:52'),
('mem00021', '胡宗翰', 'mail99926@test.com', 'pwd19142', '0918380378', '女', '1990-03-01', '貓', '銀牌', 'Elijah14929', 'img01', '2023-03-24 23:14:52', '2023-04-06 04:48:18'),
('mem00022', '吳家豪', 'mail52059@test.com', 'pwd24157', '0918931364', '男', '1996-02-05', '狗', '金牌', 'Daniel52427', 'img01', '2023-03-23 17:02:54', '2023-04-26 16:49:58'),
('mem00023', '陳冠廷', 'mail22172@test.com', 'pwd38228', '0918846339', '女', '1990-10-26', '狗', '金牌', 'Grayson53600', 'img01', '2023-03-15 02:34:44', '2023-04-18 03:26:35'),
('mem00024', '黃宗翰', 'mail37512@test.com', 'pwd28152', '0918567879', '女', '1990-08-28', '其他', '銀牌', 'Edward93131', 'img01', '2023-03-27 15:02:09', '2023-04-03 08:25:26'),
('mem00025', '羅郁婷', 'mail85611@test.com', 'pwd31230', '0918391586', '女', '1991-05-18', '貓', '銅牌', 'Muhammad52828', 'img01', '2023-03-30 08:35:15', '2023-04-23 00:08:56'),
('mem00026', '徐柏翰', 'mail33889@test.com', 'pwd45622', '0918419119', '男', '1991-12-01', '狗', '銀牌', 'Carter73652', 'img01', '2023-03-20 20:29:44', '2023-04-19 03:27:57'),
('mem00027', '王佳穎', 'mail78118@test.com', 'pwd27993', '0918920759', '女', '1999-08-12', '狗貓', '銀牌', 'Michael60209', 'img01', '2023-03-29 02:21:21', '2023-04-18 12:20:49'),
('mem00028', '吳宇軒', 'mail62470@test.com', 'pwd67724', '0918564223', '女', '1992-09-17', '狗貓', '銀牌', 'Rupert76617', 'img01', '2023-03-01 06:10:45', '2023-04-19 20:55:48'),
('mem00029', '鄭雅婷', 'mail26872@test.com', 'pwd94726', '0918511348', '男', '1993-01-05', '狗', '銅牌', 'Muhammad70146', 'img01', '2023-03-23 18:57:37', '2023-04-12 04:59:37'),
('mem00030', '曾雅婷', 'mail54661@test.com', 'pwd52935', '0918499906', '男', '1998-06-15', '其他', '銅牌', 'Dylan60494', 'img01', '2023-03-22 06:45:21', '2023-04-14 17:24:53'),
('mem00031', '徐宜庭', 'mail13653@test.com', 'pwd60858', '0918675771', '女', '1991-12-14', '狗', '銅牌', 'Jaxon12100', 'img01', '2023-03-24 21:12:04', '2023-04-03 18:27:39'),
('mem00032', '董彥廷', 'mail95502@test.com', 'pwd22251', '0918573202', '男', '1994-01-11', '狗貓', '銅牌', 'Michael98719', 'img01', '2023-03-27 18:45:01', '2023-04-02 21:39:58'),
('mem00033', '董彥廷', 'mail75755@test.com', 'pwd77548', '0918948583', '女', '1986-07-25', '狗貓', '銀牌', 'Rory56031', 'img01', '2023-03-02 20:21:38', '2023-04-19 02:52:44'),
('mem00034', '孫宜庭', 'mail26049@test.com', 'pwd32735', '0918269552', '男', '1998-02-21', '其他', '銅牌', 'Mohammed66858', 'img01', '2023-03-07 18:17:35', '2023-04-08 02:12:42'),
('mem00035', '高冠宇', 'mail79828@test.com', 'pwd96602', '0918233929', '女', '1989-09-25', '狗貓', '金牌', 'Milo48711', 'img01', '2023-03-08 05:17:32', '2023-04-08 11:02:36'),
('mem00036', '李冠宇', 'mail16111@test.com', 'pwd99982', '0918762068', '女', '1986-12-30', '其他', '銅牌', 'Riley50225', 'img01', '2023-03-17 23:09:41', '2023-04-08 14:03:40'),
('mem00037', '張鈺婷', 'mail58298@test.com', 'pwd95437', '0918584660', '女', '1989-03-05', '其他', '銅牌', 'Milo55060', 'img01', '2023-03-30 07:50:15', '2023-04-21 21:08:19'),
('mem00038', '張雅筑', 'mail19934@test.com', 'pwd69334', '0918581019', '女', '1986-12-02', '貓', '銀牌', 'Rupert76860', 'img01', '2023-03-30 10:34:58', '2023-04-02 18:14:39'),
('mem00039', '程冠廷', 'mail57716@test.com', 'pwd31916', '0918227510', '女', '1995-11-02', '其他', '金牌', 'Elijah35808', 'img01', '2023-03-08 15:17:40', '2023-04-10 06:36:40'),
('mem00040', '郭雅婷', 'mail25020@test.com', 'pwd22980', '0918417278', '男', '1996-06-11', '貓', '銀牌', 'Jasper66770', 'img01', '2023-03-02 21:35:42', '2023-04-12 00:55:42'),
('mem00041', '曹怡君', 'mail62014@test.com', 'pwd14626', '0918905922', '女', '1988-11-16', '狗', '金牌', 'Rowan70348', 'img01', '2023-03-01 16:00:53', '2023-04-19 06:22:35'),
('mem00042', '韓怡婷', 'mail22705@test.com', 'pwd21778', '0918125908', '女', '1986-09-17', '狗貓', '銀牌', 'Lucas19811', 'img01', '2023-03-09 09:46:17', '2023-04-04 17:28:15'),
('mem00043', '韓家豪', 'mail95733@test.com', 'pwd83219', '0918433137', '女', '1992-04-10', '狗貓', '銀牌', 'David20485', 'img01', '2023-03-12 10:50:55', '2023-04-12 02:05:00'),
('mem00044', '羅雅婷', 'mail31815@test.com', 'pwd84981', '0918230860', '男', '1993-06-12', '貓', '銀牌', 'Charles98380', 'img01', '2023-03-30 02:52:05', '2023-04-21 01:21:48'),
('mem00045', '謝彥廷', 'mail45861@test.com', 'pwd41572', '0918703637', '男', '1990-06-18', '狗', '銅牌', 'Kai27581', 'img01', '2023-03-30 19:07:12', '2023-04-24 22:13:36'),
('mem00046', '謝宇軒', 'mail56963@test.com', 'pwd32609', '0918117569', '女', '1996-09-04', '狗貓', '銅牌', 'Kai94320', 'img01', '2023-03-30 00:16:14', '2023-04-06 10:03:40'),
('mem00047', '孫家瑋', 'mail18788@test.com', 'pwd14761', '0918421519', '男', '1991-07-13', '狗', '銀牌', 'Alexander63883', 'img01', '2023-03-29 13:08:54', '2023-04-17 03:19:03'),
('mem00048', '謝宇軒', 'mail72805@test.com', 'pwd88326', '0918890615', '男', '1995-11-21', '貓', '銅牌', 'Henry24614', 'img01', '2023-03-25 15:02:46', '2023-04-29 05:23:57'),
('mem00049', '許柏翰', 'mail71928@test.com', 'pwd34767', '0918382150', '女', '1990-01-24', '貓', '銅牌', 'Yusuf21820', 'img01', '2023-03-08 08:39:04', '2023-04-10 06:50:13'),
('mem00050', '趙冠霖', 'mail97535@test.com', 'pwd92049', '0918774301', '男', '1985-07-26', '狗', '銅牌', 'Elliot58338', 'img01', '2023-03-08 08:06:47', '2023-04-27 15:17:11'),
('mem00051', '李雅婷', 'mail15559@test.com', 'pwd63277', '0918360945', '男', '1994-04-19', '貓', '銀牌', 'Archie92419', 'img01', '2023-03-11 01:20:42', '2023-04-04 08:20:42'),
('mem00052', '唐宗翰', 'mail16848@test.com', 'pwd82350', '0918698458', '男', '1994-07-20', '狗', '銅牌', 'Mohammed63184', 'img01', '2023-03-02 10:59:06', '2023-04-05 15:55:41'),
('mem00053', '陳家豪', 'mail62187@test.com', 'pwd43341', '0918347648', '男', '1994-11-04', '狗', '銅牌', 'Muhammad15019', 'img01', '2023-03-15 19:22:43', '2023-04-12 14:52:33'),
('mem00054', '蕭怡婷', 'mail90567@test.com', 'pwd84833', '0918521565', '男', '1997-05-02', '狗', '銅牌', 'Isaac98113', 'img01', '2023-03-05 03:11:16', '2023-04-20 17:44:09'),
('mem00055', '曾冠霖', 'mail90756@test.com', 'pwd41479', '0918569172', '女', '1998-10-14', '貓', '銀牌', 'Lucas66015', 'img01', '2023-03-13 05:11:57', '2023-04-22 16:30:14'),
('mem00056', '朱怡萱', 'mail27301@test.com', 'pwd57238', '0918311570', '男', '1998-03-20', '貓', '銅牌', 'Finn67852', 'img01', '2023-03-06 12:23:47', '2023-04-13 10:15:42'),
('mem00057', '曹冠宇', 'mail27782@test.com', 'pwd84331', '0918447564', '男', '1999-09-03', '狗貓', '銅牌', 'Teddy81553', 'img01', '2023-03-25 22:12:41', '2023-04-15 02:46:38'),
('mem00058', '張佳穎', 'mail63460@test.com', 'pwd43940', '0918513505', '男', '1999-11-20', '狗', '銅牌', 'Thomas75239', 'img01', '2023-03-28 21:36:51', '2023-04-13 21:51:19'),
('mem00059', '曾詩涵', 'mail53548@test.com', 'pwd16831', '0918381121', '男', '1999-05-05', '其他', '銀牌', 'Hudson81766', 'img01', '2023-03-14 15:57:24', '2023-04-13 03:09:07'),
('mem00060', '徐怡婷', 'mail65441@test.com', 'pwd56570', '0918581789', '女', '1989-09-22', '狗貓', '銅牌', 'Teddy94854', 'img01', '2023-03-12 16:47:48', '2023-04-04 04:39:47'),
('mem00061', '胡柏翰', 'mail68416@test.com', 'pwd34415', '0918279319', '女', '1992-02-10', '狗貓', '金牌', 'Chester10551', 'img01', '2023-03-27 21:07:26', '2023-04-14 21:29:21'),
('mem00062', '朱怡婷', 'mail76018@test.com', 'pwd37660', '0918478148', '男', '1997-03-29', '貓', '銅牌', 'Blake65164', 'img01', '2023-03-01 05:05:35', '2023-04-02 13:02:37'),
('mem00063', '宋佳穎', 'mail25941@test.com', 'pwd32679', '0918833407', '女', '1999-06-23', '其他', '銀牌', 'Muhammad13270', 'img01', '2023-03-25 20:25:47', '2023-04-12 20:09:59'),
('mem00064', '郭冠宇', 'mail23155@test.com', 'pwd46057', '0918370389', '女', '1987-11-09', '其他', '銀牌', 'Felix42392', 'img01', '2023-03-02 23:20:25', '2023-04-04 23:36:20'),
('mem00065', '郭冠霖', 'mail81318@test.com', 'pwd77583', '0918382214', '女', '1996-08-07', '狗貓', '銅牌', 'Charlie49993', 'img01', '2023-03-25 03:04:42', '2023-04-06 07:45:29'),
('mem00066', '梁彥廷', 'mail34027@test.com', 'pwd63131', '0918189320', '男', '1987-01-07', '貓', '銅牌', 'Ollie36124', 'img01', '2023-03-25 04:57:45', '2023-04-20 12:54:22'),
('mem00067', '孫雅筑', 'mail42136@test.com', 'pwd64192', '0918733622', '男', '1988-02-06', '貓', '金牌', 'Freddie37857', 'img01', '2023-03-12 09:38:56', '2023-04-12 22:29:44'),
('mem00068', '唐怡萱', 'mail46981@test.com', 'pwd15016', '0918987997', '男', '1999-07-29', '狗貓', '金牌', 'Ollie96468', 'img01', '2023-03-05 04:53:51', '2023-04-04 07:51:35'),
('mem00069', '許承翰', 'mail43522@test.com', 'pwd62069', '0918453679', '男', '1993-02-04', '其他', '金牌', 'Ronnie42257', 'img01', '2023-03-18 21:54:34', '2023-04-23 02:21:33'),
('mem00070', '於宗翰', 'mail51802@test.com', 'pwd80190', '0918697180', '女', '1985-07-02', '其他', '金牌', 'Charles57731', 'img01', '2023-03-29 16:45:30', '2023-04-21 22:37:20'),
('mem00071', '韓承翰', 'mail27887@test.com', 'pwd58153', '0918911324', '女', '1993-03-10', '其他', '金牌', 'Gabriel69159', 'img01', '2023-03-26 04:34:17', '2023-04-20 23:26:09'),
('mem00072', '高佳穎', 'mail92640@test.com', 'pwd86842', '0918609182', '女', '1992-08-17', '貓', '銀牌', 'Reggie88958', 'img01', '2023-03-01 12:35:22', '2023-04-02 12:42:09'),
('mem00073', '羅彥廷', 'mail68146@test.com', 'pwd54186', '0918734341', '女', '1987-02-04', '狗貓', '銀牌', 'Henry85811', 'img01', '2023-03-05 13:10:31', '2023-04-27 03:11:11'),
('mem00074', '馮郁婷', 'mail52143@test.com', 'pwd73220', '0918989985', '男', '1987-06-14', '狗貓', '金牌', 'Nathan63976', 'img01', '2023-03-25 06:38:07', '2023-04-17 00:09:09'),
('mem00075', '徐鈺婷', 'mail38391@test.com', 'pwd69963', '0918695157', '女', '1998-03-24', '其他', '金牌', 'Elliot47620', 'img01', '2023-03-01 17:31:31', '2023-04-05 01:19:29'),
('mem00076', '袁冠霖', 'mail83961@test.com', 'pwd78931', '0918803849', '女', '1991-07-15', '狗貓', '金牌', 'Teddy51690', 'img01', '2023-03-16 07:23:38', '2023-04-16 08:51:05'),
('mem00077', '黃雅婷', 'mail83463@test.com', 'pwd96512', '0918154860', '女', '1987-11-15', '狗貓', '銀牌', 'Sonny79357', 'img01', '2023-03-14 08:48:27', '2023-04-26 10:44:35'),
('mem00078', '羅怡婷', 'mail17449@test.com', 'pwd94667', '0918618415', '女', '1992-12-08', '狗', '銅牌', 'Hunter18893', 'img01', '2023-03-25 21:26:15', '2023-04-04 12:38:38'),
('mem00079', '鄧柏翰', 'mail22742@test.com', 'pwd55803', '0918233068', '男', '1993-04-23', '狗貓', '銅牌', 'Finn85095', 'img01', '2023-03-11 15:00:35', '2023-04-24 06:51:03'),
('mem00080', '何承翰', 'mail61927@test.com', 'pwd44802', '0918733300', '男', '1989-05-23', '狗', '金牌', 'Logan28768', 'img01', '2023-03-21 08:58:31', '2023-04-09 02:40:22'),
('mem00081', '李怡君', 'mail97150@test.com', 'pwd53354', '0918600870', '女', '1995-04-29', '狗貓', '金牌', 'Ellis69427', 'img01', '2023-03-17 23:00:41', '2023-04-12 19:45:29'),
('mem00082', '於怡婷', 'mail54013@test.com', 'pwd25731', '0918597700', '女', '1997-02-02', '其他', '金牌', 'Sonny68513', 'img01', '2023-03-07 15:36:17', '2023-04-24 08:20:37'),
('mem00083', '何柏翰', 'mail43553@test.com', 'pwd65573', '0918392306', '男', '1994-02-18', '貓', '銅牌', 'Alexander50394', 'img01', '2023-03-04 13:49:24', '2023-04-02 11:53:51'),
('mem00084', '鄧雅筑', 'mail90324@test.com', 'pwd37486', '0918736194', '女', '1999-12-06', '狗貓', '銀牌', 'Alfie52920', 'img01', '2023-03-20 01:03:23', '2023-04-25 11:13:41'),
('mem00085', '傅冠霖', 'mail49957@test.com', 'pwd43413', '0918732929', '女', '1997-09-09', '其他', '銀牌', 'Joshua58563', 'img01', '2023-03-30 19:06:13', '2023-04-12 05:50:36'),
('mem00086', '曾家豪', 'mail15939@test.com', 'pwd56988', '0918846676', '女', '1997-09-12', '貓', '銅牌', 'Louie43162', 'img01', '2023-03-25 12:40:23', '2023-04-12 07:14:08'),
('mem00087', '張怡君', 'mail73987@test.com', 'pwd16778', '0918546172', '女', '1987-12-24', '貓', '銅牌', 'Louis91716', 'img01', '2023-03-06 09:49:01', '2023-04-09 11:29:34'),
('mem00088', '楊宗翰', 'mail45640@test.com', 'pwd36513', '0918359222', '女', '1999-04-03', '貓', '金牌', 'Max18555', 'img01', '2023-03-13 10:47:47', '2023-04-08 00:45:58'),
('mem00089', '徐佳穎', 'mail91383@test.com', 'pwd51528', '0918283277', '女', '1986-12-02', '貓', '銅牌', 'Ronnie16614', 'img01', '2023-03-21 17:56:56', '2023-04-18 21:26:12'),
('mem00090', '高詩涵', 'mail86668@test.com', 'pwd54837', '0918360337', '男', '1988-02-13', '貓', '金牌', 'Kai84305', 'img01', '2023-03-03 07:19:34', '2023-04-10 20:37:46'),
('mem00091', '何冠宇', 'mail79426@test.com', 'pwd51262', '0918472884', '女', '1998-01-26', '狗貓', '銅牌', 'Tobias36931', 'img01', '2023-03-26 11:27:06', '2023-04-13 05:14:04'),
('mem00092', '孫冠宇', 'mail16483@test.com', 'pwd46424', '0918589822', '女', '1991-08-14', '貓', '金牌', 'Luca62956', 'img01', '2023-03-23 22:03:09', '2023-04-10 09:47:39'),
('mem00093', '黃佳穎', 'mail25150@test.com', 'pwd88475', '0918739984', '女', '1996-08-05', '狗貓', '銀牌', 'Nathan47517', 'img01', '2023-03-19 05:19:04', '2023-04-18 04:58:26'),
('mem00094', '於郁婷', 'mail64522@test.com', 'pwd97081', '0918859589', '男', '1999-09-09', '其他', '金牌', 'Edward25602', 'img01', '2023-03-16 03:16:10', '2023-04-24 08:59:01'),
('mem00095', '楊宜庭', 'mail68258@test.com', 'pwd55215', '0918550997', '男', '1994-04-13', '其他', '銅牌', 'Ollie67783', 'img01', '2023-03-30 08:26:19', '2023-04-17 03:31:02'),
('mem00096', '彭雅婷', 'mail48189@test.com', 'pwd42210', '0918372124', '女', '1987-04-21', '貓', '銀牌', 'Chester96590', 'img01', '2023-03-01 16:51:39', '2023-04-27 08:38:58'),
('mem00097', '王鈺婷', 'mail34631@test.com', 'pwd48143', '0918578081', '女', '1992-04-10', '貓', '銅牌', 'Elijah90331', 'img01', '2023-03-21 23:44:00', '2023-04-19 07:13:58'),
('mem00098', '馮佳穎', 'mail58741@test.com', 'pwd21518', '0918377990', '女', '1988-06-03', '狗', '金牌', 'Benjamin60639', 'img01', '2023-03-11 15:18:05', '2023-04-13 06:08:05'),
('mem00099', '孫宜庭', 'mail96446@test.com', 'pwd98585', '0918972382', '男', '1994-06-02', '狗', '金牌', 'Arthur94397', 'img01', '2023-03-10 00:36:53', '2023-04-01 10:55:17'),
('mem00100', '曾雅婷', 'mail91928@test.com', 'pwd62002', '0918972884', '女', '1994-01-10', '其他', '銀牌', 'Sonny92493', 'img01', '2023-03-17 15:42:26', '2023-04-27 06:41:22'),
('mem00101', '孫怡萱', 'mail30557@test.com', 'pwd56449', '0918420037', '男', '1987-09-06', '狗貓', '銅牌', 'Logan53802', 'img01', '2023-03-13 22:36:05', '2023-04-17 20:30:36'),
('mem00102', '鄭詩涵', 'mail60788@test.com', 'pwd53475', '0918638753', '女', '1986-04-24', '貓', '金牌', 'Nathan97429', 'img01', '2023-03-24 19:06:12', '2023-04-22 23:48:15'),
('mem00103', '高宇軒', 'mail24094@test.com', 'pwd11770', '0918171331', '男', '1988-02-19', '狗', '銅牌', 'Myles27845', 'img01', '2023-03-05 18:51:39', '2023-04-03 07:44:15'),
('mem00104', '趙佳穎', 'mail26013@test.com', 'pwd34978', '0918982055', '男', '1990-06-21', '其他', '銅牌', 'Oakley22878', 'img01', '2023-03-11 16:34:41', '2023-04-08 12:24:54'),
('mem00105', '彭佳穎', 'mail61304@test.com', 'pwd42158', '0918652621', '男', '1985-03-21', '狗貓', '銅牌', 'Caleb52208', 'img01', '2023-03-24 05:32:49', '2023-04-12 09:29:04'),
('mem00106', '張鈺婷', 'mail91975@test.com', 'pwd82797', '0918178751', '女', '1999-02-09', '狗貓', '銀牌', 'Rowan48882', 'img01', '2023-03-11 01:38:17', '2023-04-26 01:05:33'),
('mem00107', '呂佳穎', 'mail27335@test.com', 'pwd30953', '0918778199', '女', '1994-11-10', '貓', '金牌', 'Liam40718', 'img01', '2023-03-09 07:06:55', '2023-04-13 02:12:35'),
('mem00108', '周柏翰', 'mail19328@test.com', 'pwd68823', '0918445532', '女', '1992-01-12', '狗', '銀牌', 'Jude78947', 'img01', '2023-03-29 09:54:04', '2023-04-19 07:26:03'),
('mem00109', '呂雅筑', 'mail61769@test.com', 'pwd34164', '0918202019', '男', '1989-03-04', '其他', '銅牌', 'George20125', 'img01', '2023-03-14 13:54:57', '2023-04-27 06:22:54'),
('mem00110', '周冠廷', 'mail41422@test.com', 'pwd56405', '0918381808', '女', '1988-11-05', '狗貓', '金牌', 'Finley46396', 'img01', '2023-03-06 13:20:20', '2023-04-06 07:53:28'),
('mem00111', '彭怡萱', 'mail66638@test.com', 'pwd88915', '0918620829', '男', '1994-11-08', '貓', '金牌', 'Freddie27901', 'img01', '2023-03-11 18:30:39', '2023-04-19 14:32:21'),
('mem00112', '曹宜庭', 'mail52663@test.com', 'pwd25666', '0918967860', '男', '1986-07-18', '狗貓', '金牌', 'Muhammad73384', 'img01', '2023-03-27 07:02:58', '2023-04-04 14:58:09'),
('mem00113', '高家豪', 'mail96250@test.com', 'pwd71062', '0918213870', '男', '1998-01-19', '狗', '銀牌', 'Alfred20427', 'img01', '2023-03-18 05:37:01', '2023-04-09 22:08:25'),
('mem00114', '呂詩涵', 'mail16444@test.com', 'pwd60786', '0918337068', '女', '1987-09-02', '狗', '銀牌', 'Arlo83300', 'img01', '2023-03-23 10:12:28', '2023-04-16 14:07:28'),
('mem00115', '林郁婷', 'mail17705@test.com', 'pwd36165', '0918848347', '男', '1987-08-22', '其他', '金牌', 'Harrison93405', 'img01', '2023-03-11 10:50:10', '2023-04-26 09:59:00'),
('mem00116', '羅雅婷', 'mail75123@test.com', 'pwd72012', '0918812775', '女', '1991-04-28', '狗貓', '金牌', 'Albie73900', 'img01', '2023-03-01 23:32:56', '2023-04-10 16:35:36'),
('mem00117', '林怡萱', 'mail56170@test.com', 'pwd32822', '0918761973', '女', '1996-05-23', '其他', '銅牌', 'Grayson30622', 'img01', '2023-03-24 04:37:59', '2023-04-19 02:44:48'),
('mem00118', '董鈺婷', 'mail50024@test.com', 'pwd89863', '0918401406', '女', '1990-06-05', '貓', '金牌', 'Joseph45860', 'img01', '2023-03-29 05:52:49', '2023-04-18 22:13:04'),
('mem00119', '羅怡萱', 'mail85941@test.com', 'pwd50092', '0918979275', '男', '1988-06-23', '狗', '金牌', 'Albie77637', 'img01', '2023-03-12 00:24:14', '2023-04-09 20:04:42'),
('mem00120', '韓雅婷', 'mail10685@test.com', 'pwd79521', '0918472296', '女', '1997-10-06', '貓', '銀牌', 'Frederick11403', 'img01', '2023-03-02 01:04:30', '2023-04-02 21:36:19'),
('mem00121', '曾彥廷', 'mail54750@test.com', 'pwd28095', '0918562662', '女', '1992-08-02', '狗貓', '銀牌', 'Samuel76184', 'img01', '2023-03-28 04:15:36', '2023-04-30 20:16:31'),
('mem00122', '馬雅婷', 'mail62229@test.com', 'pwd76436', '0918795192', '女', '1999-04-08', '貓', '銅牌', 'Lucas80389', 'img01', '2023-03-06 04:36:35', '2023-04-29 15:19:37'),
('mem00123', '曹佳穎', 'mail44824@test.com', 'pwd95904', '0918349072', '男', '1993-09-25', '其他', '銅牌', 'Archie96328', 'img01', '2023-03-25 20:32:16', '2023-04-27 23:08:34'),
('mem00124', '鄭冠廷', 'mail29382@test.com', 'pwd69035', '0918173797', '男', '1999-06-07', '其他', '金牌', 'Muhammad71743', 'img01', '2023-03-06 01:47:45', '2023-04-19 23:20:58'),
('mem00125', '袁雅婷', 'mail41088@test.com', 'pwd50361', '0918526619', '男', '1991-03-15', '貓', '銅牌', 'Samuel95588', 'img01', '2023-03-21 15:05:54', '2023-04-22 22:17:10'),
('mem00126', '朱宜庭', 'mail82913@test.com', 'pwd20505', '0918261298', '男', '1998-03-11', '其他', '銅牌', 'Jude79539', 'img01', '2023-03-26 16:52:45', '2023-04-03 20:42:22'),
('mem00127', '郭宗翰', 'mail84795@test.com', 'pwd83733', '0918645438', '女', '1994-11-16', '貓', '銀牌', 'Nathan79066', 'img01', '2023-03-09 19:09:34', '2023-04-22 22:14:05'),
('mem00128', '傅宇軒', 'mail71647@test.com', 'pwd82255', '0918644260', '女', '1997-07-01', '狗', '金牌', 'Toby58952', 'img01', '2023-03-20 06:48:48', '2023-04-15 14:35:04'),
('mem00129', '林怡君', 'mail31041@test.com', 'pwd24683', '0918280942', '男', '1996-06-20', '狗', '銀牌', 'Rory38279', 'img01', '2023-03-28 16:07:47', '2023-04-02 05:27:06'),
('mem00130', '朱宜庭', 'mail45297@test.com', 'pwd44041', '0918895017', '男', '1996-03-02', '狗貓', '金牌', 'Myles79051', 'img01', '2023-03-14 11:22:21', '2023-04-09 11:12:20'),
('mem00131', '曾佳穎', 'mail95227@test.com', 'pwd97410', '0918941204', '男', '1987-02-15', '貓', '銀牌', 'Thomas14213', 'img01', '2023-03-28 14:04:05', '2023-04-29 07:01:12'),
('mem00132', '朱家瑋', 'mail49581@test.com', 'pwd88519', '0918905456', '女', '1990-02-05', '狗', '銅牌', 'Rowan69429', 'img01', '2023-03-12 15:23:35', '2023-04-12 02:45:01'),
('mem00133', '袁冠廷', 'mail98113@test.com', 'pwd91344', '0918286623', '女', '1987-01-08', '貓', '銀牌', 'Elijah70408', 'img01', '2023-03-07 10:21:47', '2023-04-11 13:00:01'),
('mem00134', '鄭柏翰', 'mail73827@test.com', 'pwd56306', '0918668060', '女', '1988-04-04', '狗', '銅牌', 'Charles63053', 'img01', '2023-03-04 17:01:44', '2023-04-28 20:56:54'),
('mem00135', '徐家瑋', 'mail84182@test.com', 'pwd34246', '0918769843', '男', '1990-10-09', '貓', '銅牌', 'Jack56690', 'img01', '2023-03-12 14:42:37', '2023-04-04 13:08:35'),
('mem00136', '韓柏翰', 'mail39076@test.com', 'pwd92126', '0918421519', '女', '1995-04-02', '狗', '銅牌', 'Rowan12674', 'img01', '2023-03-26 00:10:25', '2023-04-19 16:58:20'),
('mem00137', '謝宗翰', 'mail83067@test.com', 'pwd49320', '0918568356', '女', '1997-03-14', '狗貓', '銀牌', 'Otis85149', 'img01', '2023-03-01 06:13:14', '2023-04-23 09:23:29'),
('mem00138', '於冠廷', 'mail70234@test.com', 'pwd13942', '0918907324', '男', '1995-04-12', '貓', '金牌', 'Yusuf26916', 'img01', '2023-03-06 04:34:11', '2023-04-06 13:11:48'),
('mem00139', '唐詩涵', 'mail68429@test.com', 'pwd16914', '0918716983', '女', '1992-01-21', '狗貓', '銅牌', 'Chester21101', 'img01', '2023-03-16 10:33:11', '2023-04-22 08:09:59'),
('mem00140', '沈彥廷', 'mail77415@test.com', 'pwd37126', '0918277515', '男', '1994-03-16', '其他', '銅牌', 'Harrison40900', 'img01', '2023-03-09 07:26:28', '2023-04-28 18:29:20'),
('mem00141', '梁家瑋', 'mail28033@test.com', 'pwd18201', '0918302785', '女', '1992-01-04', '狗', '金牌', 'Charles84654', 'img01', '2023-03-01 14:22:47', '2023-04-07 20:26:39'),
('mem00142', '高鈺婷', 'mail28190@test.com', 'pwd21693', '0918676231', '男', '1986-04-01', '貓', '金牌', 'Milo99760', 'img01', '2023-03-15 09:30:31', '2023-04-01 23:34:48'),
('mem00143', '鄭冠霖', 'mail58626@test.com', 'pwd46291', '0918764575', '女', '1988-05-29', '貓', '金牌', 'Elijah39851', 'img01', '2023-03-18 07:50:59', '2023-04-05 23:34:02'),
('mem00144', '羅冠宇', 'mail58804@test.com', 'pwd68767', '0918309096', '男', '1988-09-13', '狗', '銀牌', 'Elliot27827', 'img01', '2023-03-11 23:30:22', '2023-04-15 06:01:06'),
('mem00145', '鄭家瑋', 'mail75634@test.com', 'pwd22401', '0918820107', '男', '1999-04-17', '其他', '銀牌', 'Chester96287', 'img01', '2023-03-19 18:09:13', '2023-04-22 16:38:56'),
('mem00146', '王宜庭', 'mail41260@test.com', 'pwd57490', '0918294448', '男', '1995-02-08', '狗', '銅牌', 'Louis80120', 'img01', '2023-03-20 04:24:50', '2023-04-24 12:23:55'),
('mem00147', '宋雅婷', 'mail53736@test.com', 'pwd25981', '0918978141', '男', '1994-09-01', '貓', '金牌', 'Ezra27689', 'img01', '2023-03-28 13:04:20', '2023-04-23 22:41:37'),
('mem00148', '袁冠霖', 'mail53070@test.com', 'pwd37830', '0918175064', '男', '1999-04-23', '狗貓', '銀牌', 'James86292', 'img01', '2023-03-23 21:04:59', '2023-04-17 16:36:32'),
('mem00149', '張詩涵', 'mail30778@test.com', 'pwd19042', '0918299403', '男', '1992-10-06', '其他', '銅牌', 'Reuben37693', 'img01', '2023-03-08 06:51:55', '2023-04-10 07:46:21'),
('mem00150', '鄧詩涵', 'mail33502@test.com', 'pwd36021', '0918369960', '男', '1992-10-02', '狗', '銅牌', 'Max62702', 'img01', '2023-03-28 09:40:36', '2023-04-02 02:34:04'),
('mem00151', '韓冠宇', 'mail20765@test.com', 'pwd25336', '0918986503', '女', '1989-10-12', '貓', '銀牌', 'Jude55840', 'img01', '2023-03-04 19:53:16', '2023-04-13 23:23:18'),
('mem00152', '朱佳穎', 'mail74663@test.com', 'pwd92298', '0918433416', '女', '1987-11-28', '狗貓', '銅牌', 'Henry63257', 'img01', '2023-03-29 14:23:24', '2023-04-13 15:53:10'),
('mem00153', '董家豪', 'mail81297@test.com', 'pwd43970', '0918170145', '男', '1987-08-31', '其他', '銅牌', 'Toby93371', 'img01', '2023-03-22 17:01:51', '2023-04-07 06:15:31'),
('mem00154', '曾宜庭', 'mail66125@test.com', 'pwd52066', '0918415586', '女', '1995-08-09', '狗貓', '金牌', 'Dylan54763', 'img01', '2023-03-28 09:52:52', '2023-04-28 19:05:50'),
('mem00155', '張宗翰', 'mail46200@test.com', 'pwd17075', '0918913170', '男', '1987-11-21', '狗', '金牌', 'Tobias61759', 'img01', '2023-03-09 15:05:34', '2023-04-09 08:15:38'),
('mem00156', '梁雅婷', 'mail76228@test.com', 'pwd10135', '0918224074', '男', '1997-03-23', '狗貓', '銅牌', 'Luca92385', 'img01', '2023-03-30 08:14:53', '2023-04-25 21:49:58'),
('mem00157', '趙家瑋', 'mail85208@test.com', 'pwd95204', '0918910332', '女', '1992-05-23', '其他', '銀牌', 'Tobias53070', 'img01', '2023-03-08 14:04:06', '2023-04-19 21:39:30'),
('mem00158', '許冠霖', 'mail80828@test.com', 'pwd55005', '0918540198', '男', '1986-08-14', '狗貓', '銅牌', 'David36449', 'img01', '2023-03-17 03:19:05', '2023-04-23 08:19:18'),
('mem00159', '於宗翰', 'mail79622@test.com', 'pwd54615', '0918857129', '男', '1994-04-20', '其他', '銅牌', 'Myles55752', 'img01', '2023-03-04 18:14:12', '2023-04-23 18:57:43'),
('mem00160', '黃鈺婷', 'mail58933@test.com', 'pwd11014', '0918443977', '男', '1994-05-06', '其他', '銅牌', 'Chester83727', 'img01', '2023-03-19 01:45:53', '2023-04-28 15:16:47'),
('mem00161', '唐怡婷', 'mail40181@test.com', 'pwd73392', '0918340526', '女', '1993-07-13', '狗貓', '銅牌', 'Chester41368', 'img01', '2023-03-21 15:54:23', '2023-04-13 08:22:28'),
('mem00162', '楊鈺婷', 'mail57508@test.com', 'pwd27605', '0918347443', '女', '1986-03-16', '狗貓', '金牌', 'Frankie28756', 'img01', '2023-03-05 11:46:45', '2023-04-08 23:27:44'),
('mem00163', '馮怡君', 'mail26878@test.com', 'pwd56063', '0918238739', '男', '1989-11-23', '貓', '銀牌', 'Jaxon57296', 'img01', '2023-03-24 15:18:46', '2023-04-05 15:58:58'),
('mem00164', '韓承翰', 'mail12782@test.com', 'pwd97913', '0918316641', '女', '1991-11-02', '其他', '銀牌', 'Finley13568', 'img01', '2023-03-16 11:04:51', '2023-04-30 10:31:06'),
('mem00165', '蕭詩涵', 'mail20781@test.com', 'pwd35876', '0918926870', '男', '1989-09-04', '貓', '銅牌', 'Joshua53130', 'img01', '2023-03-25 17:57:06', '2023-04-18 07:16:27'),
('mem00166', '沈家瑋', 'mail47515@test.com', 'pwd85982', '0918801497', '男', '1987-11-23', '狗', '銀牌', 'Otis72111', 'img01', '2023-03-04 12:53:59', '2023-04-11 00:24:37'),
('mem00167', '朱怡君', 'mail92384@test.com', 'pwd17006', '0918510237', '女', '1995-06-12', '狗', '金牌', 'Oliver83157', 'img01', '2023-03-29 19:45:04', '2023-04-30 18:22:36'),
('mem00168', '鄭冠宇', 'mail41324@test.com', 'pwd59069', '0918274173', '男', '1987-09-18', '狗', '銀牌', 'William70232', 'img01', '2023-03-22 05:42:40', '2023-04-24 06:28:49'),
('mem00169', '徐雅婷', 'mail58030@test.com', 'pwd93397', '0918117031', '女', '1998-11-27', '狗', '銅牌', 'David23313', 'img01', '2023-03-15 13:47:31', '2023-04-23 03:39:50'),
('mem00170', '袁家瑋', 'mail91282@test.com', 'pwd70910', '0918699010', '男', '1991-11-14', '狗貓', '銀牌', 'Elliot25822', 'img01', '2023-03-06 10:09:44', '2023-04-26 14:37:05'),
('mem00171', '許怡婷', 'mail96591@test.com', 'pwd82780', '0918741725', '女', '1991-07-12', '貓', '銀牌', 'Zachary72318', 'img01', '2023-03-19 19:23:46', '2023-04-21 09:21:07'),
('mem00172', '彭鈺婷', 'mail72604@test.com', 'pwd37930', '0918386876', '男', '1988-08-25', '其他', '銀牌', 'Reuben80519', 'img01', '2023-03-15 19:10:44', '2023-04-11 02:57:58'),
('mem00173', '張詩涵', 'mail39963@test.com', 'pwd52198', '0918704503', '女', '1986-10-25', '貓', '銀牌', 'Logan11550', 'img01', '2023-03-20 15:47:43', '2023-04-22 16:29:12'),
('mem00174', '蕭冠宇', 'mail55279@test.com', 'pwd90712', '0918844712', '男', '1999-03-15', '狗', '銅牌', 'Ezra14752', 'img01', '2023-03-25 04:36:34', '2023-04-23 01:22:50'),
('mem00175', '唐雅筑', 'mail99037@test.com', 'pwd63506', '0918562061', '男', '1997-01-22', '狗貓', '金牌', 'Isaac26926', 'img01', '2023-03-01 11:51:16', '2023-04-06 20:01:45'),
('mem00176', '於詩涵', 'mail69994@test.com', 'pwd98499', '0918769948', '男', '1996-06-13', '狗', '銅牌', 'Jaxon98565', 'img01', '2023-03-23 20:42:13', '2023-04-02 20:03:53'),
('mem00177', '鄧宇軒', 'mail23602@test.com', 'pwd34643', '0918664837', '男', '1992-11-20', '貓', '銀牌', 'Rupert30991', 'img01', '2023-03-18 13:07:27', '2023-04-15 18:39:08'),
('mem00178', '張承翰', 'mail60143@test.com', 'pwd92083', '0918432869', '女', '1990-10-09', '狗貓', '銀牌', 'James68013', 'img01', '2023-03-30 18:49:51', '2023-04-07 15:01:00'),
('mem00179', '何郁婷', 'mail72755@test.com', 'pwd34787', '0918271610', '男', '1996-04-24', '狗', '銀牌', 'Ralph69691', 'img01', '2023-03-25 20:35:55', '2023-04-24 21:38:48'),
('mem00180', '羅雅婷', 'mail73335@test.com', 'pwd63177', '0918559480', '女', '1997-04-02', '狗', '銅牌', 'Logan66577', 'img01', '2023-03-28 19:22:56', '2023-04-08 07:39:11'),
('mem00181', '曾鈺婷', 'mail95929@test.com', 'pwd33330', '0918201219', '女', '1992-03-11', '狗', '金牌', 'Freddie94082', 'img01', '2023-03-08 01:49:40', '2023-04-01 05:34:39'),
('mem00182', '宋冠宇', 'mail87408@test.com', 'pwd74999', '0918131345', '男', '1985-03-25', '狗貓', '銀牌', 'Hugo41838', 'img01', '2023-03-09 15:15:41', '2023-04-25 02:13:38'),
('mem00183', '李詩涵', 'mail71044@test.com', 'pwd26823', '0918815793', '女', '1985-06-13', '狗', '銅牌', 'Jasper14354', 'img01', '2023-03-13 10:45:49', '2023-04-23 20:15:33'),
('mem00184', '羅冠霖', 'mail88909@test.com', 'pwd94930', '0918419240', '男', '1997-05-20', '狗', '銅牌', 'Archie46031', 'img01', '2023-03-10 08:50:39', '2023-04-04 22:10:01'),
('mem00185', '沈柏翰', 'mail33653@test.com', 'pwd72178', '0918655751', '男', '1990-02-05', '貓', '金牌', 'Arthur57703', 'img01', '2023-03-22 07:24:56', '2023-04-02 15:36:42'),
('mem00186', '曾承翰', 'mail88277@test.com', 'pwd40320', '0918199304', '男', '1997-04-17', '狗', '金牌', 'Ralph47730', 'img01', '2023-03-12 19:47:45', '2023-04-21 12:30:02'),
('mem00187', '程佳穎', 'mail71013@test.com', 'pwd17358', '0918813410', '男', '1999-09-11', '狗貓', '銀牌', 'Alfred36364', 'img01', '2023-03-20 18:11:50', '2023-04-02 03:44:08'),
('mem00188', '鄧冠宇', 'mail60816@test.com', 'pwd96707', '0918721549', '女', '1994-04-12', '狗貓', '銅牌', 'Louis53813', 'img01', '2023-03-28 05:36:40', '2023-04-16 10:52:58'),
('mem00189', '王佳穎', 'mail80602@test.com', 'pwd91490', '0918412350', '女', '1999-07-14', '貓', '銅牌', 'Joseph79532', 'img01', '2023-03-27 03:45:53', '2023-04-25 01:14:23'),
('mem00190', '鄧宇軒', 'mail11728@test.com', 'pwd99989', '0918726048', '男', '1996-12-22', '狗', '銀牌', 'Noah39058', 'img01', '2023-03-03 16:20:44', '2023-04-03 19:21:19'),
('mem00191', '彭冠宇', 'mail24546@test.com', 'pwd12571', '0918582764', '男', '1991-08-10', '狗', '銀牌', 'Frankie12473', 'img01', '2023-03-13 04:11:36', '2023-04-25 21:03:46'),
('mem00192', '梁怡君', 'mail37958@test.com', 'pwd79923', '0918162527', '女', '1999-02-02', '其他', '銀牌', 'Leo70064', 'img01', '2023-03-26 00:38:47', '2023-04-08 18:20:49'),
('mem00193', '彭郁婷', 'mail48464@test.com', 'pwd84445', '0918177255', '女', '1987-04-26', '貓', '金牌', 'Louie86496', 'img01', '2023-03-26 03:25:53', '2023-04-04 21:43:54'),
('mem00194', '陳怡君', 'mail25399@test.com', 'pwd12458', '0918714244', '女', '1999-10-05', '狗', '金牌', 'Carter52289', 'img01', '2023-03-15 02:34:30', '2023-04-01 15:15:08'),
('mem00195', '曾雅筑', 'mail49338@test.com', 'pwd53002', '0918226276', '男', '1997-06-02', '狗', '銀牌', 'Teddy86712', 'img01', '2023-03-11 01:37:36', '2023-04-25 12:06:09'),
('mem00196', '劉冠廷', 'mail23759@test.com', 'pwd46797', '0918543384', '男', '1986-01-31', '狗', '銅牌', 'Jasper73491', 'img01', '2023-03-19 10:50:01', '2023-04-25 06:39:05'),
('mem00197', '羅郁婷', 'mail81077@test.com', 'pwd39131', '0918621975', '女', '1990-08-18', '其他', '銅牌', 'Henry87737', 'img01', '2023-03-25 18:54:36', '2023-04-08 11:08:14'),
('mem00198', '於鈺婷', 'mail65214@test.com', 'pwd69345', '0918319495', '女', '1991-12-23', '其他', '銅牌', 'Alfred48344', 'img01', '2023-03-14 20:35:54', '2023-04-17 22:58:33'),
('mem00199', '董宗翰', 'mail73870@test.com', 'pwd58719', '0918553183', '女', '1989-02-09', '狗貓', '銅牌', 'Charles61392', 'img01', '2023-03-29 08:46:47', '2023-04-29 16:11:19'),
('mem00200', '程怡婷', 'mail95372@test.com', 'pwd56478', '0918296230', '男', '1997-05-29', '狗貓', '銅牌', 'Benjamin34662', 'img01', '2023-03-03 10:54:19', '2023-04-14 17:06:52'),
('mem00201', '謝佳穎', 'mail64727@test.com', 'pwd42660', '0918230063', '男', '1985-11-26', '狗', '銅牌', 'Jack11072', 'img01', '2023-03-05 04:26:09', '2023-04-02 07:30:26'),
('mem00202', '趙家瑋', 'mail53632@test.com', 'pwd13858', '0918228625', '女', '1985-11-17', '貓', '銀牌', 'Mohammad17339', 'img01', '2023-03-28 08:36:55', '2023-04-03 21:42:41'),
('mem00203', '宋郁婷', 'mail18175@test.com', 'pwd35426', '0918328547', '男', '1996-01-17', '貓', '銀牌', 'Carter35317', 'img01', '2023-03-19 21:03:42', '2023-04-19 02:10:08'),
('mem00204', '胡彥廷', 'mail33959@test.com', 'pwd76120', '0918586892', '女', '1999-04-02', '貓', '銅牌', 'Henry63415', 'img01', '2023-03-23 13:38:09', '2023-04-25 04:25:29'),
('mem00205', '馮冠霖', 'mail72293@test.com', 'pwd80305', '0918630462', '女', '1991-09-09', '狗', '金牌', 'Caleb35673', 'img01', '2023-03-12 21:13:36', '2023-04-10 17:38:31'),
('mem00206', '李怡婷', 'mail17322@test.com', 'pwd27163', '0918151496', '男', '1998-09-14', '狗貓', '金牌', 'Albie57408', 'img01', '2023-03-24 16:39:07', '2023-04-25 11:00:23'),
('mem00207', '王宗翰', 'mail64101@test.com', 'pwd76850', '0918590595', '男', '1990-04-30', '其他', '銅牌', 'Samuel55215', 'img01', '2023-03-24 10:39:16', '2023-04-01 08:49:06'),
('mem00208', '吳雅筑', 'mail92529@test.com', 'pwd85922', '0918653192', '男', '1989-09-27', '其他', '銀牌', 'Sebastian13363', 'img01', '2023-03-18 23:20:10', '2023-04-15 23:23:26'),
('mem00209', '徐怡君', 'mail82780@test.com', 'pwd14608', '0918425576', '男', '1996-09-22', '其他', '銀牌', 'Jesse21244', 'img01', '2023-03-24 12:47:48', '2023-04-26 07:20:29'),
('mem00210', '董郁婷', 'mail39106@test.com', 'pwd23890', '0918694402', '女', '1996-05-01', '狗貓', '銅牌', 'Hugo36507', 'img01', '2023-03-17 19:42:27', '2023-04-24 02:43:48'),
('mem00211', '陳家豪', 'mail19178@test.com', 'pwd36049', '0918607348', '男', '1996-07-06', '狗', '銅牌', 'Finley50733', 'img01', '2023-03-03 07:14:16', '2023-04-15 10:23:12'),
('mem00212', '趙家瑋', 'mail56583@test.com', 'pwd85718', '0918794625', '男', '1985-04-21', '狗', '銅牌', 'Isaac62952', 'img01', '2023-03-19 21:23:23', '2023-04-25 08:52:30'),
('mem00213', '曹鈺婷', 'mail77852@test.com', 'pwd55959', '0918538982', '女', '1998-02-28', '其他', '銅牌', 'Charlie39388', 'img01', '2023-03-03 16:18:16', '2023-04-27 06:55:22'),
('mem00214', '羅鈺婷', 'mail48716@test.com', 'pwd40619', '0918804713', '女', '1996-03-03', '貓', '銀牌', 'Louis73440', 'img01', '2023-03-19 18:48:34', '2023-04-17 08:01:07'),
('mem00215', '於宗翰', 'mail62885@test.com', 'pwd67576', '0918113964', '男', '1988-05-18', '其他', '銅牌', 'Teddy77642', 'img01', '2023-03-30 01:03:52', '2023-04-08 14:22:49'),
('mem00216', '彭彥廷', 'mail91443@test.com', 'pwd82212', '0918334604', '男', '1987-04-22', '狗', '銀牌', 'Brody58801', 'img01', '2023-03-15 13:45:26', '2023-04-10 01:18:22'),
('mem00217', '朱家豪', 'mail24995@test.com', 'pwd32737', '0918118139', '男', '1992-05-28', '貓', '金牌', 'Lucas30781', 'img01', '2023-03-10 14:17:09', '2023-04-21 12:25:20'),
('mem00218', '羅宜庭', 'mail39737@test.com', 'pwd18637', '0918809260', '女', '1988-01-11', '貓', '銅牌', 'Chester48498', 'img01', '2023-03-20 11:26:03', '2023-04-15 12:48:35'),
('mem00219', '鄧家瑋', 'mail46196@test.com', 'pwd63198', '0918888740', '男', '1996-10-09', '狗', '銀牌', 'Reuben11757', 'img01', '2023-03-17 02:07:15', '2023-04-09 14:13:23'),
('mem00220', '呂怡萱', 'mail79252@test.com', 'pwd55745', '0918822597', '男', '1987-03-19', '狗貓', '金牌', 'Finley82756', 'img01', '2023-03-19 15:20:03', '2023-04-06 14:53:03'),
('mem00221', '胡宜庭', 'mail59449@test.com', 'pwd22619', '0918891050', '男', '1994-07-30', '其他', '金牌', 'Freddie26534', 'img01', '2023-03-17 03:13:05', '2023-04-18 02:47:34'),
('mem00222', '高柏翰', 'mail31723@test.com', 'pwd61218', '0918652543', '男', '1989-05-30', '其他', '銅牌', 'Mohammed99862', 'img01', '2023-03-14 01:47:43', '2023-04-04 22:29:17'),
('mem00223', '何郁婷', 'mail42098@test.com', 'pwd62369', '0918231762', '女', '1999-05-11', '狗', '銀牌', 'Milo11797', 'img01', '2023-03-02 01:17:52', '2023-04-17 07:45:24'),
('mem00224', '王鈺婷', 'mail46209@test.com', 'pwd73086', '0918415560', '男', '1987-02-06', '貓', '銀牌', 'Caleb84855', 'img01', '2023-03-01 16:12:19', '2023-04-10 05:19:38'),
('mem00225', '宋冠霖', 'mail34303@test.com', 'pwd62804', '0918635908', '女', '1995-01-20', '狗貓', '銅牌', 'Louie21467', 'img01', '2023-03-12 09:36:45', '2023-04-12 08:22:06'),
('mem00226', '鄭宜庭', 'mail86041@test.com', 'pwd14866', '0918520062', '男', '1995-08-27', '狗貓', '銅牌', 'Harrison93426', 'img01', '2023-03-10 10:54:50', '2023-04-14 13:25:03'),
('mem00227', '李怡萱', 'mail81455@test.com', 'pwd58539', '0918318878', '男', '1992-09-16', '狗貓', '金牌', 'Hudson10853', 'img01', '2023-03-13 20:21:15', '2023-04-28 16:42:06'),
('mem00228', '於柏翰', 'mail84787@test.com', 'pwd79979', '0918470846', '男', '1998-05-09', '其他', '金牌', 'Liam28228', 'img01', '2023-03-08 22:15:40', '2023-04-17 17:05:17'),
('mem00229', '郭怡婷', 'mail64203@test.com', 'pwd54232', '0918164947', '女', '1986-08-16', '其他', '銀牌', 'Hudson44872', 'img01', '2023-03-01 19:37:45', '2023-04-13 13:02:01'),
('mem00230', '彭柏翰', 'mail72059@test.com', 'pwd32425', '0918815294', '男', '1986-07-13', '其他', '銀牌', 'Dylan95011', 'img01', '2023-03-28 22:57:55', '2023-04-08 12:30:57'),
('mem00231', '傅家瑋', 'mail77844@test.com', 'pwd39657', '0918903464', '女', '1999-07-22', '其他', '銀牌', 'Isaac91012', 'img01', '2023-03-03 05:24:38', '2023-04-25 21:16:00'),
('mem00232', '劉承翰', 'mail25584@test.com', 'pwd44341', '0918554760', '女', '1996-11-18', '其他', '銀牌', 'Carter74893', 'img01', '2023-03-01 10:02:26', '2023-04-02 09:59:29'),
('mem00233', '張雅婷', 'mail86705@test.com', 'pwd88739', '0918995823', '女', '1992-04-05', '狗', '銀牌', 'Daniel62485', 'img01', '2023-03-19 21:27:05', '2023-04-07 07:09:05'),
('mem00234', '彭冠宇', 'mail56234@test.com', 'pwd24003', '0918529160', '女', '1997-07-30', '狗貓', '金牌', 'Michael59904', 'img01', '2023-03-02 11:44:24', '2023-04-09 23:05:43'),
('mem00235', '高雅婷', 'mail44871@test.com', 'pwd76100', '0918843359', '女', '1998-04-28', '貓', '銅牌', 'Tobias61037', 'img01', '2023-03-15 07:14:37', '2023-04-10 06:46:43'),
('mem00236', '王宗翰', 'mail61253@test.com', 'pwd85596', '0918284584', '男', '1990-09-03', '狗貓', '銀牌', 'Teddy53217', 'img01', '2023-03-06 10:30:20', '2023-04-05 20:34:21'),
('mem00237', '董冠廷', 'mail37940@test.com', 'pwd15497', '0918284711', '女', '1986-04-27', '狗', '銅牌', 'Grayson31757', 'img01', '2023-03-24 22:57:06', '2023-04-08 00:01:50'),
('mem00238', '馬冠霖', 'mail94501@test.com', 'pwd60689', '0918510402', '男', '1990-03-01', '其他', '金牌', 'Alfred64424', 'img01', '2023-03-03 10:45:21', '2023-04-09 09:05:08'),
('mem00239', '袁詩涵', 'mail64863@test.com', 'pwd30078', '0918834729', '女', '1988-07-12', '狗', '銅牌', 'Milo94053', 'img01', '2023-03-22 23:37:09', '2023-04-03 03:19:53'),
('mem00240', '蕭怡婷', 'mail63479@test.com', 'pwd66364', '0918236162', '女', '1985-02-14', '狗貓', '銀牌', 'Jaxon37550', 'img01', '2023-03-19 18:24:42', '2023-04-23 20:09:43'),
('mem00241', '程冠霖', 'mail94899@test.com', 'pwd30222', '0918310292', '男', '1985-07-25', '貓', '金牌', 'Albert50732', 'img01', '2023-03-12 17:54:12', '2023-04-23 00:31:07'),
('mem00242', '沈家瑋', 'mail43940@test.com', 'pwd17993', '0918848361', '女', '1993-05-16', '狗', '銅牌', 'Joseph68506', 'img01', '2023-03-17 12:41:18', '2023-04-13 02:42:02'),
('mem00243', '曾怡君', 'mail40195@test.com', 'pwd79244', '0918746805', '女', '1992-12-10', '貓', '金牌', 'Felix30457', 'img01', '2023-03-01 02:01:30', '2023-04-05 20:10:12'),
('mem00244', '趙家豪', 'mail73319@test.com', 'pwd29377', '0918634438', '女', '1997-05-03', '貓', '銀牌', 'Toby91853', 'img01', '2023-03-09 08:41:41', '2023-04-20 18:53:48'),
('mem00245', '李郁婷', 'mail42523@test.com', 'pwd55527', '0918482917', '男', '1997-05-08', '貓', '銀牌', 'Leo80645', 'img01', '2023-03-22 08:34:58', '2023-04-12 02:15:28'),
('mem00246', '郭柏翰', 'mail90546@test.com', 'pwd82411', '0918688346', '女', '1992-05-01', '貓', '銅牌', 'William90381', 'img01', '2023-03-02 16:11:58', '2023-04-09 08:07:54'),
('mem00247', '周鈺婷', 'mail97840@test.com', 'pwd48631', '0918382687', '男', '1986-08-31', '其他', '銀牌', 'Myles26109', 'img01', '2023-03-19 21:13:49', '2023-04-03 17:04:31'),
('mem00248', '曾宜庭', 'mail68742@test.com', 'pwd69069', '0918721012', '男', '1988-04-15', '狗', '銀牌', 'Daniel58171', 'img01', '2023-03-03 16:57:18', '2023-04-03 02:46:12'),
('mem00249', '王雅筑', 'mail87100@test.com', 'pwd86036', '0918135321', '女', '1993-06-01', '狗貓', '金牌', 'Liam72413', 'img01', '2023-03-12 20:46:21', '2023-04-09 02:23:08'),
('mem00250', '梁怡萱', 'mail35345@test.com', 'pwd57970', '0918752457', '女', '1989-11-04', '貓', '銅牌', 'Tobias53625', 'img01', '2023-03-09 04:32:19', '2023-04-15 06:55:15'),
('mem00251', '張宗翰', 'mail29069@test.com', 'pwd16516', '0918523732', '男', '1992-09-16', '貓', '銀牌', 'Rory44145', 'img01', '2023-03-16 15:20:04', '2023-04-25 02:21:34'),
('mem00252', '陳彥廷', 'mail43073@test.com', 'pwd30280', '0918632919', '女', '1988-09-24', '其他', '銅牌', 'Thomas95134', 'img01', '2023-03-03 22:08:15', '2023-04-27 08:37:21'),
('mem00253', '馮詩涵', 'mail23981@test.com', 'pwd26341', '0918828567', '男', '1986-06-16', '狗', '金牌', 'Teddy54243', 'img01', '2023-03-17 02:58:14', '2023-04-03 09:46:01'),
('mem00254', '彭雅婷', 'mail73075@test.com', 'pwd11202', '0918159356', '男', '1990-02-06', '狗', '銀牌', 'Alfie38459', 'img01', '2023-03-04 23:06:48', '2023-04-15 19:07:10'),
('mem00255', '韓宗翰', 'mail50624@test.com', 'pwd66179', '0918417069', '男', '1992-07-14', '狗貓', '銀牌', 'Grayson27324', 'img01', '2023-03-06 13:16:11', '2023-04-22 11:56:09'),
('mem00256', '劉柏翰', 'mail15480@test.com', 'pwd75802', '0918406255', '男', '1990-03-15', '貓', '銀牌', 'Joshua86193', 'img01', '2023-03-03 09:54:53', '2023-04-15 04:04:51'),
('mem00257', '黃郁婷', 'mail57373@test.com', 'pwd95646', '0918424937', '男', '1995-02-21', '狗', '銀牌', 'Louis97450', 'img01', '2023-03-25 01:57:54', '2023-04-13 05:26:34'),
('mem00258', '曹雅婷', 'mail98559@test.com', 'pwd78385', '0918187961', '女', '1996-06-05', '狗', '銅牌', 'Noah27538', 'img01', '2023-03-29 21:20:04', '2023-04-20 02:45:15'),
('mem00259', '程宜庭', 'mail75871@test.com', 'pwd27770', '0918450700', '男', '1992-12-28', '貓', '銀牌', 'Mohammed57763', 'img01', '2023-03-04 03:55:49', '2023-04-21 17:42:24'),
('mem00260', '劉詩涵', 'mail32419@test.com', 'pwd26593', '0918558252', '女', '1998-07-04', '其他', '銀牌', 'Rupert93405', 'img01', '2023-03-10 00:56:28', '2023-04-11 03:40:20'),
('mem00261', '馬佳穎', 'mail72214@test.com', 'pwd29059', '0918712935', '女', '1994-03-20', '狗', '銀牌', 'Jesse51318', 'img01', '2023-03-30 11:23:32', '2023-04-06 17:58:40'),
('mem00262', '黃柏翰', 'mail26814@test.com', 'pwd74540', '0918871875', '女', '1995-03-14', '狗', '金牌', 'Samuel90587', 'img01', '2023-03-04 06:06:24', '2023-04-02 04:23:53'),
('mem00263', '羅家瑋', 'mail59027@test.com', 'pwd93641', '0918780048', '男', '1993-06-20', '貓', '銅牌', 'Michael63334', 'img01', '2023-03-10 14:35:02', '2023-04-20 08:04:59'),
('mem00264', '鄧家瑋', 'mail94081@test.com', 'pwd21919', '0918604447', '女', '1985-05-01', '狗', '銀牌', 'Adam27170', 'img01', '2023-03-23 15:37:23', '2023-04-17 13:57:54'),
('mem00265', '孫家豪', 'mail80617@test.com', 'pwd42386', '0918358379', '女', '1993-05-23', '貓', '金牌', 'Samuel55537', 'img01', '2023-03-21 00:58:41', '2023-04-18 08:09:08'),
('mem00266', '胡柏翰', 'mail44864@test.com', 'pwd35717', '0918534967', '女', '1990-05-01', '其他', '銀牌', 'Albie33392', 'img01', '2023-03-11 06:18:33', '2023-04-06 02:23:12'),
('mem00267', '謝家豪', 'mail41670@test.com', 'pwd86077', '0918632718', '男', '1998-01-25', '狗', '金牌', 'Elijah75812', 'img01', '2023-03-14 15:53:50', '2023-04-06 22:05:35'),
('mem00268', '曹冠廷', 'mail74952@test.com', 'pwd84343', '0918376481', '男', '1993-03-20', '貓', '金牌', 'Muhammad40666', 'img01', '2023-03-15 19:09:15', '2023-04-30 12:18:52'),
('mem00269', '吳詩涵', 'mail86289@test.com', 'pwd40335', '0918561038', '男', '1998-02-06', '其他', '銀牌', 'Noah68226', 'img01', '2023-03-20 21:38:08', '2023-04-02 16:36:11'),
('mem00270', '蕭宇軒', 'mail77929@test.com', 'pwd29886', '0918414351', '男', '1999-05-09', '貓', '金牌', 'Kai76446', 'img01', '2023-03-10 01:03:23', '2023-04-15 06:53:52'),
('mem00271', '彭彥廷', 'mail46747@test.com', 'pwd79569', '0918723353', '男', '1990-09-07', '狗貓', '銀牌', 'William31065', 'img01', '2023-03-05 23:15:24', '2023-04-27 20:51:24'),
('mem00272', '宋佳穎', 'mail68520@test.com', 'pwd81950', '0918883250', '女', '1989-01-26', '狗貓', '銀牌', 'Elliot37805', 'img01', '2023-03-27 05:04:50', '2023-04-15 01:26:40'),
('mem00273', '吳冠霖', 'mail91338@test.com', 'pwd91766', '0918238655', '男', '1990-10-03', '狗', '銀牌', 'Joshua63035', 'img01', '2023-03-24 23:35:01', '2023-04-02 19:55:37'),
('mem00274', '傅佳穎', 'mail62318@test.com', 'pwd46513', '0918805272', '男', '1999-06-25', '狗貓', '金牌', 'Caleb90712', 'img01', '2023-03-11 03:49:34', '2023-04-20 22:35:35'),
('mem00275', '呂怡萱', 'mail31654@test.com', 'pwd25964', '0918884397', '女', '1998-10-28', '狗貓', '金牌', 'Tobias97448', 'img01', '2023-03-12 01:30:35', '2023-04-09 08:28:50'),
('mem00276', '蕭怡萱', 'mail81542@test.com', 'pwd36292', '0918669804', '男', '1989-02-27', '其他', '銅牌', 'Riley66028', 'img01', '2023-03-12 13:28:30', '2023-04-29 21:12:29'),
('mem00277', '朱詩涵', 'mail78180@test.com', 'pwd22845', '0918626260', '女', '1989-07-11', '貓', '銅牌', 'Hunter98210', 'img01', '2023-03-08 18:05:44', '2023-04-25 00:52:31'),
('mem00278', '劉怡君', 'mail44381@test.com', 'pwd11615', '0918919250', '男', '1990-12-10', '其他', '銀牌', 'Alexander53565', 'img01', '2023-03-11 05:36:56', '2023-04-16 12:28:46'),
('mem00279', '李雅婷', 'mail55929@test.com', 'pwd85155', '0918375395', '男', '1988-04-20', '狗', '金牌', 'Ezra51646', 'img01', '2023-03-02 18:32:11', '2023-04-06 11:52:36'),
('mem00280', '於雅婷', 'mail78372@test.com', 'pwd90573', '0918195267', '男', '1999-02-09', '貓', '銀牌', 'Rowan88906', 'img01', '2023-03-30 10:11:17', '2023-04-09 03:20:14'),
('mem00281', '張宜庭', 'mail27509@test.com', 'pwd85131', '0918860295', '女', '1997-09-02', '狗貓', '銅牌', 'Dylan88585', 'img01', '2023-03-27 20:48:04', '2023-04-12 14:38:15'),
('mem00282', '梁宇軒', 'mail48314@test.com', 'pwd69197', '0918697546', '男', '1990-04-08', '狗貓', '銀牌', 'Harrison62314', 'img01', '2023-03-21 19:01:28', '2023-04-07 21:25:32'),
('mem00283', '馮冠宇', 'mail64300@test.com', 'pwd84081', '0918367976', '男', '1996-08-20', '狗', '金牌', 'Gabriel12529', 'img01', '2023-03-16 02:48:58', '2023-04-16 23:43:37'),
('mem00284', '唐承翰', 'mail92821@test.com', 'pwd87400', '0918410120', '女', '1996-01-22', '狗', '銀牌', 'Dylan13203', 'img01', '2023-03-17 22:34:06', '2023-04-22 23:43:11'),
('mem00285', '何詩涵', 'mail39163@test.com', 'pwd81588', '0918364223', '女', '1990-05-07', '其他', '銀牌', 'Ethan81693', 'img01', '2023-03-29 12:30:32', '2023-04-20 19:16:15'),
('mem00286', '傅怡君', 'mail99630@test.com', 'pwd98956', '0918168748', '女', '1993-07-09', '狗', '金牌', 'Tommy30260', 'img01', '2023-03-01 12:24:51', '2023-04-20 01:35:56'),
('mem00287', '謝郁婷', 'mail93640@test.com', 'pwd31570', '0918932851', '女', '1992-06-09', '狗貓', '銀牌', 'Brody67218', 'img01', '2023-03-03 02:08:16', '2023-04-20 08:10:29'),
('mem00288', '彭詩涵', 'mail26928@test.com', 'pwd30451', '0918680251', '女', '1986-07-30', '狗', '銀牌', 'Blake89430', 'img01', '2023-03-26 12:00:01', '2023-04-12 08:43:44'),
('mem00289', '何鈺婷', 'mail81833@test.com', 'pwd45265', '0918653814', '男', '1996-05-14', '其他', '金牌', 'Bobby27034', 'img01', '2023-03-11 01:03:56', '2023-04-13 08:25:47'),
('mem00290', '周柏翰', 'mail87641@test.com', 'pwd48740', '0918467897', '男', '1997-06-12', '狗', '銅牌', 'Michael62290', 'img01', '2023-03-04 15:47:11', '2023-04-16 10:21:09'),
('mem00291', '馬宇軒', 'mail89327@test.com', 'pwd56697', '0918884921', '男', '1986-07-09', '貓', '金牌', 'Jasper21607', 'img01', '2023-03-02 10:09:02', '2023-04-25 00:00:29'),
('mem00292', '劉柏翰', 'mail10518@test.com', 'pwd37951', '0918629697', '男', '1992-11-15', '貓', '銀牌', 'Harry46992', 'img01', '2023-03-12 18:45:28', '2023-04-26 13:05:34'),
('mem00293', '李彥廷', 'mail68341@test.com', 'pwd54091', '0918115508', '男', '1996-04-15', '狗貓', '銅牌', 'Sebastian41503', 'img01', '2023-03-05 06:38:51', '2023-04-17 00:30:32'),
('mem00294', '曾宜庭', 'mail63684@test.com', 'pwd28081', '0918564338', '女', '1990-06-23', '狗', '銅牌', 'Frederick71635', 'img01', '2023-03-18 06:58:57', '2023-04-30 04:43:39'),
('mem00295', '宋佳穎', 'mail83350@test.com', 'pwd27938', '0918734714', '男', '1998-12-16', '狗貓', '金牌', 'Myles38891', 'img01', '2023-03-09 15:30:34', '2023-04-09 07:01:12'),
('mem00296', '馮雅婷', 'mail57860@test.com', 'pwd13158', '0918559782', '男', '1985-01-09', '狗', '銀牌', 'Edward46246', 'img01', '2023-03-14 23:32:26', '2023-04-08 02:39:58'),
('mem00297', '劉冠霖', 'mail78060@test.com', 'pwd18886', '0918982712', '女', '1992-05-26', '狗貓', '銀牌', 'Brody80424', 'img01', '2023-03-11 11:43:36', '2023-04-07 08:42:19');
INSERT INTO `mem_member` (`member_sid`, `member_name`, `member_email`, `member_password`, `member_mobile`, `member_gender`, `member_birth`, `member_pet`, `member_level`, `member_ID`, `member_profile`, `create_time`, `update_time`) VALUES
('mem00298', '高怡君', 'mail54845@test.com', 'pwd46595', '0918479440', '男', '1987-08-02', '狗', '金牌', 'Elijah59044', 'img01', '2023-03-13 08:33:19', '2023-04-06 13:48:19'),
('mem00299', '蕭雅筑', 'mail67572@test.com', 'pwd12413', '0918403426', '男', '1997-01-26', '貓', '金牌', 'Otis48143', 'img01', '2023-03-19 04:45:23', '2023-04-23 08:49:15'),
('mem00300', '傅宇軒', 'mail45768@test.com', 'pwd36236', '0918159990', '女', '1995-08-15', '貓', '銀牌', 'Stanley31736', 'img01', '2023-03-28 07:31:01', '2023-04-13 04:09:01'),
('mem00301', '於宜庭', 'mail29948@test.com', 'pwd27582', '0918471979', '女', '1985-04-30', '貓', '銅牌', 'Rupert40819', 'img01', '2023-03-03 12:10:31', '2023-04-26 20:38:35'),
('mem00302', '胡柏翰', 'mail51831@test.com', 'pwd26126', '0918827863', '女', '1994-08-12', '狗貓', '銀牌', 'Stanley54390', 'img01', '2023-03-27 14:39:08', '2023-04-29 01:26:43'),
('mem00303', '傅彥廷', 'mail74255@test.com', 'pwd57460', '0918764326', '女', '1985-10-29', '其他', '銀牌', 'Tommy23264', 'img01', '2023-03-29 11:32:07', '2023-04-15 01:51:38'),
('mem00304', '沈宇軒', 'mail71392@test.com', 'pwd81024', '0918360132', '男', '1999-07-03', '狗', '金牌', 'Alfred43790', 'img01', '2023-03-28 12:29:40', '2023-04-17 16:56:10'),
('mem00305', '吳鈺婷', 'mail58285@test.com', 'pwd26854', '0918649329', '男', '1998-01-07', '狗', '金牌', 'Harry45574', 'img01', '2023-03-25 21:11:05', '2023-04-20 20:31:08'),
('mem00306', '鄭彥廷', 'mail80078@test.com', 'pwd50306', '0918749611', '男', '1993-06-09', '狗貓', '金牌', 'Oliver68206', 'img01', '2023-03-26 08:53:09', '2023-04-24 04:18:40'),
('mem00307', '曹詩涵', 'mail75536@test.com', 'pwd95995', '0918112780', '女', '1996-02-01', '狗貓', '銅牌', 'David18659', 'img01', '2023-03-06 23:25:07', '2023-04-17 19:29:59'),
('mem00308', '吳宇軒', 'mail18332@test.com', 'pwd76288', '0918510034', '男', '1999-12-16', '狗貓', '銅牌', 'Teddy34854', 'img01', '2023-03-01 09:26:42', '2023-04-20 12:15:21'),
('mem00309', '宋彥廷', 'mail49789@test.com', 'pwd28934', '0918588861', '男', '1985-04-06', '貓', '金牌', 'Caleb72378', 'img01', '2023-03-12 04:57:02', '2023-04-03 06:56:32'),
('mem00310', '程宗翰', 'mail72250@test.com', 'pwd90357', '0918191806', '男', '1998-04-25', '狗貓', '金牌', 'Teddy92470', 'img01', '2023-03-18 22:26:07', '2023-04-29 02:36:56'),
('mem00311', '袁宗翰', 'mail84142@test.com', 'pwd71647', '0918725931', '男', '1992-03-10', '狗', '銀牌', 'Isaac90821', 'img01', '2023-03-06 00:34:18', '2023-04-26 18:50:32'),
('mem00312', '梁冠霖', 'mail53323@test.com', 'pwd57035', '0918523639', '男', '1985-02-23', '狗貓', '銅牌', 'Elijah45085', 'img01', '2023-03-08 05:57:40', '2023-04-17 02:18:48'),
('mem00313', '趙怡婷', 'mail51659@test.com', 'pwd71352', '0918107603', '女', '1991-01-02', '狗貓', '金牌', 'Caleb70310', 'img01', '2023-03-14 14:12:25', '2023-04-09 14:31:42'),
('mem00314', '鄭怡君', 'mail92812@test.com', 'pwd11515', '0918360235', '男', '1990-12-29', '狗貓', '金牌', 'Jackson76984', 'img01', '2023-03-18 23:14:56', '2023-04-28 22:08:30'),
('mem00315', '沈冠廷', 'mail55240@test.com', 'pwd18292', '0918728249', '男', '1993-10-20', '貓', '金牌', 'Arlo23284', 'img01', '2023-03-18 20:29:52', '2023-04-09 06:29:51'),
('mem00316', '劉宇軒', 'mail83132@test.com', 'pwd50665', '0918518220', '女', '1993-08-09', '狗貓', '銀牌', 'Zachary12578', 'img01', '2023-03-03 19:39:52', '2023-04-26 09:26:58'),
('mem00317', '胡冠宇', 'mail94782@test.com', 'pwd77803', '0918418098', '男', '1995-02-04', '其他', '銀牌', 'Albie65554', 'img01', '2023-03-16 08:17:27', '2023-04-02 12:28:06'),
('mem00318', '趙冠廷', 'mail11184@test.com', 'pwd41344', '0918161815', '男', '1995-10-08', '貓', '銅牌', 'Jesse91126', 'img01', '2023-03-22 01:30:32', '2023-04-28 15:33:49'),
('mem00319', '何承翰', 'mail29045@test.com', 'pwd29868', '0918536389', '男', '1989-10-19', '其他', '銀牌', 'Thomas60961', 'img01', '2023-03-16 03:02:55', '2023-04-09 13:57:18'),
('mem00320', '劉詩涵', 'mail83425@test.com', 'pwd46230', '0918198755', '女', '1989-12-11', '狗', '銅牌', 'Ellis46860', 'img01', '2023-03-14 09:24:07', '2023-04-25 06:16:28'),
('mem00321', '韓承翰', 'mail37509@test.com', 'pwd52343', '0918886698', '女', '1986-04-18', '其他', '金牌', 'Riley49290', 'img01', '2023-03-12 10:10:05', '2023-04-30 02:57:49'),
('mem00322', '於冠廷', 'mail99261@test.com', 'pwd20692', '0918177020', '男', '1996-05-31', '其他', '金牌', 'Louie99767', 'img01', '2023-03-04 14:32:47', '2023-04-21 15:38:55'),
('mem00323', '梁宜庭', 'mail58747@test.com', 'pwd66951', '0918429109', '男', '1987-02-11', '其他', '銅牌', 'Adam25733', 'img01', '2023-03-21 18:35:12', '2023-04-06 10:26:18'),
('mem00324', '王冠宇', 'mail59902@test.com', 'pwd61082', '0918954467', '男', '1989-03-14', '其他', '銀牌', 'Lucas22049', 'img01', '2023-03-21 00:01:52', '2023-04-24 08:56:07'),
('mem00325', '袁宇軒', 'mail76519@test.com', 'pwd58040', '0918204350', '女', '1993-10-21', '狗', '金牌', 'Muhammad12008', 'img01', '2023-03-01 15:57:18', '2023-04-19 18:13:35'),
('mem00326', '袁怡萱', 'mail33804@test.com', 'pwd63251', '0918901505', '男', '1994-09-23', '狗貓', '金牌', 'Muhammad94192', 'img01', '2023-03-23 12:47:48', '2023-04-27 20:44:37'),
('mem00327', '曾冠廷', 'mail91949@test.com', 'pwd10564', '0918702480', '男', '1990-12-15', '狗貓', '金牌', 'Michael40282', 'img01', '2023-03-01 04:04:08', '2023-04-10 04:45:26'),
('mem00328', '陳家豪', 'mail36960@test.com', 'pwd35578', '0918140298', '男', '1991-02-11', '其他', '銀牌', 'Harry54040', 'img01', '2023-03-05 06:16:27', '2023-04-25 06:30:42'),
('mem00329', '吳承翰', 'mail75786@test.com', 'pwd52064', '0918439305', '女', '1993-07-11', '狗貓', '銀牌', 'Reggie74315', 'img01', '2023-03-02 01:54:43', '2023-04-26 12:03:36'),
('mem00330', '呂彥廷', 'mail26376@test.com', 'pwd79527', '0918451707', '男', '1998-04-10', '貓', '銅牌', 'Arlo33541', 'img01', '2023-03-16 07:59:21', '2023-04-01 19:13:51'),
('mem00331', '袁鈺婷', 'mail68480@test.com', 'pwd11741', '0918769031', '男', '1996-08-19', '狗貓', '銅牌', 'Finn88210', 'img01', '2023-03-04 14:28:40', '2023-04-22 03:39:45'),
('mem00332', '高冠宇', 'mail77118@test.com', 'pwd58130', '0918439299', '男', '1985-12-24', '貓', '金牌', 'Rupert98412', 'img01', '2023-03-17 06:05:03', '2023-04-07 23:05:11'),
('mem00333', '鄭怡君', 'mail77752@test.com', 'pwd81475', '0918563470', '男', '1989-08-08', '貓', '金牌', 'Louie98590', 'img01', '2023-03-22 00:02:48', '2023-04-19 17:08:58'),
('mem00334', '周怡君', 'mail29989@test.com', 'pwd24782', '0918407096', '女', '1991-08-19', '貓', '金牌', 'Ronnie95557', 'img01', '2023-03-28 05:03:30', '2023-04-07 09:12:06'),
('mem00335', '許宇軒', 'mail73894@test.com', 'pwd29648', '0918117462', '女', '1996-08-31', '狗貓', '金牌', 'Jesse36919', 'img01', '2023-03-24 01:22:45', '2023-04-30 21:57:20'),
('mem00336', '鄧宗翰', 'mail12013@test.com', 'pwd35987', '0918754620', '女', '1992-09-07', '貓', '銅牌', 'Chester23851', 'img01', '2023-03-04 18:40:02', '2023-04-17 23:19:09'),
('mem00337', '吳柏翰', 'mail72788@test.com', 'pwd48147', '0918276033', '男', '1991-04-15', '貓', '銀牌', 'Toby33352', 'img01', '2023-03-25 21:36:54', '2023-04-15 09:36:40'),
('mem00338', '周怡婷', 'mail79559@test.com', 'pwd29837', '0918845819', '男', '1997-12-07', '狗', '金牌', 'Samuel91556', 'img01', '2023-03-05 05:45:28', '2023-04-12 18:25:39'),
('mem00339', '高彥廷', 'mail33972@test.com', 'pwd94752', '0918129596', '男', '1995-09-03', '其他', '金牌', 'Hunter10215', 'img01', '2023-03-28 08:58:47', '2023-04-27 13:33:41'),
('mem00340', '張冠宇', 'mail61624@test.com', 'pwd69244', '0918641904', '女', '1991-10-06', '狗貓', '金牌', 'Alexander78585', 'img01', '2023-03-13 09:19:59', '2023-04-26 16:50:20'),
('mem00341', '傅冠霖', 'mail70793@test.com', 'pwd60442', '0918635077', '男', '1987-11-18', '貓', '銀牌', 'Nathan66584', 'img01', '2023-03-11 16:31:26', '2023-04-11 20:10:34'),
('mem00342', '沈鈺婷', 'mail34446@test.com', 'pwd36056', '0918591722', '男', '1999-05-06', '狗貓', '金牌', 'Stanley81100', 'img01', '2023-03-11 01:31:35', '2023-04-09 09:24:46'),
('mem00343', '許宜庭', 'mail91746@test.com', 'pwd47714', '0918925470', '女', '1986-03-10', '狗', '銀牌', 'Hugo62091', 'img01', '2023-03-03 04:10:09', '2023-04-13 09:32:37'),
('mem00344', '陳佳穎', 'mail64237@test.com', 'pwd53951', '0918829238', '女', '1987-04-05', '狗', '銅牌', 'Liam35307', 'img01', '2023-03-25 06:32:27', '2023-04-30 20:30:29'),
('mem00345', '唐佳穎', 'mail88159@test.com', 'pwd80351', '0918295861', '女', '1999-07-29', '狗貓', '銅牌', 'Ollie56170', 'img01', '2023-03-02 07:11:33', '2023-04-30 03:07:44'),
('mem00346', '呂柏翰', 'mail47092@test.com', 'pwd91887', '0918416712', '女', '1991-11-29', '貓', '金牌', 'Riley65010', 'img01', '2023-03-21 04:41:41', '2023-04-25 16:20:01'),
('mem00347', '孫佳穎', 'mail88820@test.com', 'pwd15569', '0918457381', '女', '1999-12-12', '狗貓', '金牌', 'Mohammad96709', 'img01', '2023-03-08 05:30:18', '2023-04-19 20:17:22'),
('mem00348', '傅鈺婷', 'mail32763@test.com', 'pwd16663', '0918923080', '女', '1998-05-05', '貓', '金牌', 'Luca60668', 'img01', '2023-03-10 14:59:52', '2023-04-25 15:44:53'),
('mem00349', '朱宗翰', 'mail30717@test.com', 'pwd24564', '0918351769', '男', '1998-07-10', '狗貓', '銅牌', 'Rory69226', 'img01', '2023-03-17 01:49:20', '2023-04-06 07:18:28'),
('mem00350', '吳承翰', 'mail56348@test.com', 'pwd28513', '0918203789', '女', '1994-07-10', '狗', '銅牌', 'Harry41461', 'img01', '2023-03-05 03:53:12', '2023-04-15 04:36:04'),
('mem00351', '徐雅筑', 'mail88458@test.com', 'pwd73823', '0918546941', '女', '1992-03-30', '貓', '銀牌', 'Louis78453', 'img01', '2023-03-07 14:47:33', '2023-04-02 20:25:54'),
('mem00352', '徐宗翰', 'mail60667@test.com', 'pwd53803', '0918425399', '女', '1998-10-16', '其他', '金牌', 'Noah63857', 'img01', '2023-03-13 22:25:12', '2023-04-25 05:38:50'),
('mem00353', '董冠廷', 'mail93742@test.com', 'pwd86546', '0918359341', '女', '1999-05-09', '貓', '金牌', 'Rory80412', 'img01', '2023-03-17 20:59:41', '2023-04-21 13:38:46'),
('mem00354', '傅詩涵', 'mail69476@test.com', 'pwd28867', '0918689484', '男', '1988-01-12', '狗貓', '銀牌', 'Reggie81554', 'img01', '2023-03-21 13:16:40', '2023-04-21 22:04:20'),
('mem00355', '吳雅婷', 'mail94024@test.com', 'pwd19434', '0918795879', '女', '1992-12-17', '狗', '銅牌', 'Elijah85062', 'img01', '2023-03-16 01:23:50', '2023-04-12 17:54:14'),
('mem00356', '徐冠宇', 'mail50138@test.com', 'pwd37959', '0918281098', '女', '1987-11-14', '狗', '金牌', 'Jack31035', 'img01', '2023-03-05 20:57:18', '2023-04-01 06:33:28'),
('mem00357', '馮家豪', 'mail50382@test.com', 'pwd47798', '0918417319', '男', '1993-09-14', '其他', '金牌', 'Lucas54985', 'img01', '2023-03-22 04:32:48', '2023-04-25 11:26:59'),
('mem00358', '徐宇軒', 'mail51125@test.com', 'pwd70885', '0918823296', '女', '1989-06-29', '狗貓', '銀牌', 'Rupert15253', 'img01', '2023-03-12 20:13:24', '2023-04-04 16:37:10'),
('mem00359', '馮雅婷', 'mail72936@test.com', 'pwd16682', '0918312711', '男', '1993-12-13', '狗貓', '金牌', 'Isaac90409', 'img01', '2023-03-22 03:50:48', '2023-04-14 23:03:38'),
('mem00360', '曹雅筑', 'mail40581@test.com', 'pwd55590', '0918822581', '男', '1997-10-31', '其他', '銀牌', 'Brody88934', 'img01', '2023-03-20 09:13:47', '2023-04-04 13:39:51'),
('mem00361', '吳詩涵', 'mail44274@test.com', 'pwd53704', '0918763377', '男', '1988-11-06', '其他', '銅牌', 'Reggie92631', 'img01', '2023-03-09 03:45:46', '2023-04-09 11:37:17'),
('mem00362', '楊彥廷', 'mail40135@test.com', 'pwd54260', '0918969290', '女', '1985-12-23', '狗', '金牌', 'Harry46352', 'img01', '2023-03-25 20:38:38', '2023-04-10 11:59:55'),
('mem00363', '沈宇軒', 'mail22738@test.com', 'pwd29989', '0918124847', '女', '1987-12-24', '狗貓', '金牌', 'Alfie21101', 'img01', '2023-03-25 03:24:10', '2023-04-22 08:35:34'),
('mem00364', '曹宗翰', 'mail85007@test.com', 'pwd61766', '0918596513', '男', '1997-01-07', '狗貓', '銅牌', 'Kai45524', 'img01', '2023-03-02 07:41:32', '2023-04-05 09:36:22'),
('mem00365', '韓承翰', 'mail18912@test.com', 'pwd78219', '0918597020', '男', '1994-08-24', '狗貓', '銀牌', 'Jude85418', 'img01', '2023-03-13 12:42:24', '2023-04-16 03:20:34'),
('mem00366', '張冠宇', 'mail49876@test.com', 'pwd13813', '0918904337', '女', '1997-04-17', '貓', '金牌', 'Louie54385', 'img01', '2023-03-03 23:50:33', '2023-04-15 00:52:56'),
('mem00367', '趙佳穎', 'mail61387@test.com', 'pwd35367', '0918647723', '男', '1988-04-15', '其他', '銅牌', 'Harry13711', 'img01', '2023-03-12 08:04:36', '2023-04-05 01:02:00'),
('mem00368', '傅宜庭', 'mail41197@test.com', 'pwd61812', '0918821058', '男', '1998-03-24', '貓', '金牌', 'Noah20911', 'img01', '2023-03-28 10:55:30', '2023-04-04 19:23:39'),
('mem00369', '梁冠宇', 'mail69332@test.com', 'pwd28631', '0918984715', '女', '1999-11-28', '狗', '銅牌', 'Edward14690', 'img01', '2023-03-04 12:46:41', '2023-04-22 06:06:35'),
('mem00370', '高冠宇', 'mail30226@test.com', 'pwd16461', '0918789340', '女', '1987-03-19', '狗', '銅牌', 'Teddy98285', 'img01', '2023-03-18 01:40:54', '2023-04-08 06:34:44'),
('mem00371', '許雅筑', 'mail33486@test.com', 'pwd81680', '0918820276', '男', '1990-05-28', '狗', '銅牌', 'Jackson59719', 'img01', '2023-03-14 17:41:37', '2023-04-13 05:27:52'),
('mem00372', '袁怡婷', 'mail97930@test.com', 'pwd32069', '0918570740', '男', '1985-04-06', '狗貓', '銀牌', 'Milo91329', 'img01', '2023-03-26 06:02:30', '2023-04-01 16:10:27'),
('mem00373', '孫家豪', 'mail25903@test.com', 'pwd89333', '0918685798', '男', '1991-03-16', '其他', '銅牌', 'Ellis65793', 'img01', '2023-03-07 19:26:36', '2023-04-07 07:30:32'),
('mem00374', '鄭家豪', 'mail88978@test.com', 'pwd71435', '0918856144', '男', '1993-08-27', '其他', '銅牌', 'Grayson86131', 'img01', '2023-03-19 12:57:11', '2023-04-07 19:09:56'),
('mem00375', '宋詩涵', 'mail49931@test.com', 'pwd72499', '0918860765', '男', '1995-07-29', '其他', '銅牌', 'Rowan10722', 'img01', '2023-03-30 02:52:35', '2023-04-04 10:06:19'),
('mem00376', '楊家豪', 'mail92924@test.com', 'pwd78157', '0918152821', '男', '1993-05-05', '其他', '銅牌', 'Noah25427', 'img01', '2023-03-09 15:18:23', '2023-04-03 16:51:30'),
('mem00377', '黃宗翰', 'mail43641@test.com', 'pwd66232', '0918345099', '男', '1985-09-22', '狗貓', '金牌', 'Alfred80561', 'img01', '2023-03-16 13:31:41', '2023-04-05 09:28:18'),
('mem00378', '李鈺婷', 'mail36190@test.com', 'pwd73648', '0918908233', '女', '1987-06-26', '其他', '銅牌', 'Roman66805', 'img01', '2023-03-14 11:08:44', '2023-04-07 07:58:47'),
('mem00379', '楊怡萱', 'mail71862@test.com', 'pwd11073', '0918289128', '男', '1997-06-18', '狗貓', '銀牌', 'Benjamin82712', 'img01', '2023-03-17 08:08:15', '2023-04-01 03:53:10'),
('mem00380', '吳怡萱', 'mail91202@test.com', 'pwd33236', '0918412053', '男', '1998-11-22', '其他', '銅牌', 'Brody39981', 'img01', '2023-03-30 00:57:44', '2023-04-25 09:49:05'),
('mem00381', '馮宜庭', 'mail99874@test.com', 'pwd27775', '0918801703', '女', '1992-03-30', '貓', '銀牌', 'Felix73515', 'img01', '2023-03-21 00:01:55', '2023-04-11 23:51:00'),
('mem00382', '羅詩涵', 'mail94146@test.com', 'pwd88063', '0918109074', '女', '1999-10-08', '貓', '金牌', 'Ethan99422', 'img01', '2023-03-09 17:43:42', '2023-04-16 12:42:52'),
('mem00383', '羅雅婷', 'mail31869@test.com', 'pwd89270', '0918689439', '男', '1997-08-17', '狗貓', '金牌', 'Jesse84748', 'img01', '2023-03-05 08:02:05', '2023-04-01 19:38:11'),
('mem00384', '李冠宇', 'mail36987@test.com', 'pwd62093', '0918627867', '男', '1989-10-24', '狗貓', '銀牌', 'Mason75192', 'img01', '2023-03-21 23:22:23', '2023-04-23 10:18:33'),
('mem00385', '沈怡萱', 'mail67069@test.com', 'pwd29508', '0918943365', '男', '1989-06-17', '狗', '金牌', 'Dylan73581', 'img01', '2023-03-05 23:49:57', '2023-04-13 06:20:44'),
('mem00386', '王怡君', 'mail80251@test.com', 'pwd20227', '0918853596', '男', '1987-06-24', '狗貓', '金牌', 'Benjamin19019', 'img01', '2023-03-12 10:09:00', '2023-04-23 22:44:56'),
('mem00387', '林雅婷', 'mail67070@test.com', 'pwd15869', '0918448264', '女', '1987-12-08', '狗', '銀牌', 'Mohammad11775', 'img01', '2023-03-05 01:33:38', '2023-04-30 16:12:40'),
('mem00388', '程郁婷', 'mail96631@test.com', 'pwd13781', '0918258152', '男', '1996-04-11', '狗貓', '銅牌', 'Reuben49119', 'img01', '2023-03-02 14:14:47', '2023-04-30 16:19:11'),
('mem00389', '鄭家瑋', 'mail65064@test.com', 'pwd29879', '0918168652', '男', '1992-07-31', '貓', '銀牌', 'Leo25076', 'img01', '2023-03-15 00:03:32', '2023-04-04 22:49:43'),
('mem00390', '彭雅婷', 'mail40554@test.com', 'pwd77205', '0918310877', '男', '1991-10-25', '貓', '金牌', 'Daniel29210', 'img01', '2023-03-23 09:36:17', '2023-04-09 18:54:26'),
('mem00391', '於詩涵', 'mail18147@test.com', 'pwd45556', '0918433548', '女', '1987-02-14', '狗貓', '銅牌', 'Hunter66377', 'img01', '2023-03-11 08:02:47', '2023-04-18 11:46:53'),
('mem00392', '徐佳穎', 'mail57709@test.com', 'pwd28859', '0918473720', '男', '1989-06-14', '狗', '金牌', 'Milo70148', 'img01', '2023-03-16 14:02:26', '2023-04-02 02:44:40'),
('mem00393', '曹鈺婷', 'mail72411@test.com', 'pwd91580', '0918892097', '女', '1993-04-10', '貓', '銅牌', 'Arthur33190', 'img01', '2023-03-28 20:43:43', '2023-04-25 20:03:12'),
('mem00394', '蕭柏翰', 'mail29453@test.com', 'pwd83692', '0918209744', '男', '1992-03-22', '狗', '金牌', 'Sebastian27014', 'img01', '2023-03-17 08:18:33', '2023-04-01 20:46:18'),
('mem00395', '李冠廷', 'mail96266@test.com', 'pwd67695', '0918410884', '女', '1990-04-12', '狗', '金牌', 'Freddie75263', 'img01', '2023-03-12 18:37:27', '2023-04-13 08:20:53'),
('mem00396', '馮彥廷', 'mail69170@test.com', 'pwd92911', '0918404698', '男', '1998-10-23', '貓', '銅牌', 'Mohammed48982', 'img01', '2023-03-10 13:48:53', '2023-04-12 12:27:14'),
('mem00397', '馮雅婷', 'mail75006@test.com', 'pwd87826', '0918636474', '女', '1992-04-28', '貓', '銀牌', 'Roman12241', 'img01', '2023-03-24 18:34:57', '2023-04-11 17:06:48'),
('mem00398', '朱承翰', 'mail54396@test.com', 'pwd43282', '0918279967', '女', '1986-02-17', '狗', '銀牌', 'Myles24613', 'img01', '2023-03-23 01:15:13', '2023-04-09 05:03:58'),
('mem00399', '唐怡君', 'mail51406@test.com', 'pwd32013', '0918429467', '男', '1985-08-23', '其他', '銅牌', 'Noah61123', 'img01', '2023-03-25 19:01:39', '2023-04-30 06:58:42'),
('mem00400', '於詩涵', 'mail72062@test.com', 'pwd30037', '0918616233', '男', '1985-04-29', '貓', '銀牌', 'Oscar44081', 'img01', '2023-03-07 11:29:26', '2023-04-04 06:04:59'),
('mem00401', '曾柏翰', 'mail37126@test.com', 'pwd98069', '0918316100', '女', '1986-09-19', '狗貓', '銅牌', 'Jack96474', 'img01', '2023-03-14 10:06:23', '2023-04-29 21:55:19'),
('mem00402', '楊怡萱', 'mail28733@test.com', 'pwd97576', '0918727665', '女', '1998-02-10', '狗', '銅牌', 'Bobby16322', 'img01', '2023-03-19 17:07:48', '2023-04-26 08:25:41'),
('mem00403', '袁冠廷', 'mail18250@test.com', 'pwd35326', '0918887466', '男', '1995-10-13', '狗', '銀牌', 'George72432', 'img01', '2023-03-20 15:48:26', '2023-04-12 12:30:24'),
('mem00404', '何柏翰', 'mail62150@test.com', 'pwd50751', '0918512121', '男', '1995-07-04', '狗', '銅牌', 'Lucas57393', 'img01', '2023-03-22 06:15:31', '2023-04-02 13:59:22'),
('mem00405', '吳承翰', 'mail72157@test.com', 'pwd68241', '0918295383', '男', '1987-09-11', '其他', '銅牌', 'Luca96080', 'img01', '2023-03-12 09:14:12', '2023-04-27 20:37:16'),
('mem00406', '林雅婷', 'mail42121@test.com', 'pwd20720', '0918217143', '男', '1990-08-30', '貓', '銀牌', 'Nathan58372', 'img01', '2023-03-04 00:58:37', '2023-04-10 22:29:31'),
('mem00407', '許冠霖', 'mail63021@test.com', 'pwd43277', '0918562916', '女', '1985-11-25', '貓', '銀牌', 'Carter31040', 'img01', '2023-03-08 11:47:22', '2023-04-07 09:11:50'),
('mem00408', '高鈺婷', 'mail33382@test.com', 'pwd71114', '0918229170', '女', '1997-07-14', '其他', '銀牌', 'Mohammed57139', 'img01', '2023-03-25 23:55:21', '2023-04-27 16:13:33'),
('mem00409', '董鈺婷', 'mail93459@test.com', 'pwd95802', '0918842331', '女', '1999-08-03', '其他', '金牌', 'Riley72609', 'img01', '2023-03-23 11:20:02', '2023-04-02 18:47:18'),
('mem00410', '周怡婷', 'mail10699@test.com', 'pwd72953', '0918942155', '男', '1995-01-09', '貓', '銀牌', 'Ellis62562', 'img01', '2023-03-18 07:40:58', '2023-04-05 08:13:59'),
('mem00411', '陳詩涵', 'mail62330@test.com', 'pwd11000', '0918321142', '女', '1989-01-02', '狗貓', '銀牌', 'Zachary83291', 'img01', '2023-03-22 14:13:28', '2023-04-09 10:26:44'),
('mem00412', '楊宜庭', 'mail11300@test.com', 'pwd38263', '0918189616', '男', '1985-03-21', '狗', '銅牌', 'Oakley30294', 'img01', '2023-03-15 10:24:06', '2023-04-06 23:03:54'),
('mem00413', '梁冠廷', 'mail89961@test.com', 'pwd99767', '0918880260', '男', '1994-11-05', '其他', '銅牌', 'Alfie19116', 'img01', '2023-03-07 01:05:48', '2023-04-04 20:40:27'),
('mem00414', '許雅婷', 'mail76252@test.com', 'pwd60749', '0918346128', '女', '1996-10-03', '狗貓', '銅牌', 'Rory65727', 'img01', '2023-03-26 11:02:30', '2023-04-15 14:34:19'),
('mem00415', '曾承翰', 'mail78155@test.com', 'pwd76079', '0918811944', '女', '1993-03-20', '貓', '銅牌', 'William10534', 'img01', '2023-03-06 21:59:37', '2023-04-15 09:49:17'),
('mem00416', '曾柏翰', 'mail55722@test.com', 'pwd79141', '0918356458', '女', '1988-08-18', '其他', '銅牌', 'Yusuf65583', 'img01', '2023-03-17 01:32:59', '2023-04-25 13:09:12'),
('mem00417', '張雅婷', 'mail81101@test.com', 'pwd99381', '0918830667', '女', '1997-01-05', '狗', '銀牌', 'Jaxon24691', 'img01', '2023-03-15 22:49:37', '2023-04-21 18:38:59'),
('mem00418', '梁詩涵', 'mail24214@test.com', 'pwd66907', '0918971251', '男', '1991-07-04', '狗貓', '銅牌', 'Noah75985', 'img01', '2023-03-15 11:39:06', '2023-04-28 15:39:44'),
('mem00419', '曾家豪', 'mail73935@test.com', 'pwd38934', '0918547947', '男', '1990-04-22', '狗', '銅牌', 'Mohammad62622', 'img01', '2023-03-01 21:00:34', '2023-04-22 11:58:52'),
('mem00420', '徐怡婷', 'mail74600@test.com', 'pwd53547', '0918936418', '女', '1994-06-14', '狗', '銅牌', 'Riley69152', 'img01', '2023-03-16 08:26:17', '2023-04-26 06:48:26'),
('mem00421', '劉郁婷', 'mail39123@test.com', 'pwd29526', '0918140246', '女', '1992-11-18', '狗貓', '金牌', 'Zachary79168', 'img01', '2023-03-03 12:52:17', '2023-04-30 06:06:26'),
('mem00422', '朱柏翰', 'mail78003@test.com', 'pwd63343', '0918306556', '女', '1999-05-20', '狗', '銀牌', 'David19517', 'img01', '2023-03-06 12:41:01', '2023-04-22 15:11:02'),
('mem00423', '吳怡婷', 'mail26047@test.com', 'pwd28129', '0918357485', '男', '1990-06-05', '貓', '金牌', 'Oakley90964', 'img01', '2023-03-06 10:42:53', '2023-04-18 22:59:16'),
('mem00424', '曾柏翰', 'mail64770@test.com', 'pwd73024', '0918430311', '女', '1987-07-24', '狗貓', '銅牌', 'Samuel75170', 'img01', '2023-03-29 15:40:53', '2023-04-08 11:55:38'),
('mem00425', '何冠宇', 'mail90985@test.com', 'pwd99677', '0918158417', '男', '1998-07-02', '狗貓', '銅牌', 'Riley71259', 'img01', '2023-03-26 06:57:54', '2023-04-18 16:23:45'),
('mem00426', '袁家瑋', 'mail31276@test.com', 'pwd34069', '0918424884', '男', '1996-05-28', '狗貓', '金牌', 'Luca49519', 'img01', '2023-03-18 20:14:23', '2023-04-11 23:55:23'),
('mem00427', '梁怡君', 'mail73559@test.com', 'pwd72783', '0918196334', '女', '1998-02-17', '貓', '銅牌', 'Dylan30258', 'img01', '2023-03-29 20:53:09', '2023-04-11 00:17:18'),
('mem00428', '曹怡君', 'mail85662@test.com', 'pwd78443', '0918761013', '女', '1994-12-26', '狗貓', '銅牌', 'Finn18364', 'img01', '2023-03-21 05:01:51', '2023-04-03 19:09:41'),
('mem00429', '徐承翰', 'mail44759@test.com', 'pwd74153', '0918650623', '女', '1997-06-02', '貓', '銅牌', 'Charlie32601', 'img01', '2023-03-18 03:45:29', '2023-04-04 06:13:34'),
('mem00430', '周宇軒', 'mail78726@test.com', 'pwd46227', '0918217772', '男', '1989-10-06', '狗', '銀牌', 'Grayson78097', 'img01', '2023-03-17 11:20:01', '2023-04-22 11:26:35'),
('mem00431', '鄧怡萱', 'mail44005@test.com', 'pwd80331', '0918660349', '男', '1987-01-06', '其他', '銅牌', 'Arthur21496', 'img01', '2023-03-03 00:02:30', '2023-04-18 01:47:12'),
('mem00432', '謝宜庭', 'mail43399@test.com', 'pwd41363', '0918518040', '女', '1992-07-27', '狗', '金牌', 'Ethan31061', 'img01', '2023-03-23 16:48:03', '2023-04-06 00:32:41'),
('mem00433', '周佳穎', 'mail88826@test.com', 'pwd78889', '0918985745', '女', '1988-11-29', '狗', '金牌', 'Chester32384', 'img01', '2023-03-05 08:04:28', '2023-04-24 00:49:48'),
('mem00434', '胡宗翰', 'mail51356@test.com', 'pwd28424', '0918202204', '男', '1993-11-01', '狗', '銀牌', 'Roman15790', 'img01', '2023-03-11 07:48:09', '2023-04-19 04:37:03'),
('mem00435', '陳雅婷', 'mail80957@test.com', 'pwd38234', '0918536149', '女', '1985-01-28', '狗貓', '金牌', 'Michael94657', 'img01', '2023-03-21 02:30:29', '2023-04-26 12:31:15'),
('mem00436', '鄧鈺婷', 'mail46821@test.com', 'pwd30092', '0918606119', '女', '1985-11-02', '其他', '金牌', 'Charlie81112', 'img01', '2023-03-08 22:53:58', '2023-04-10 21:22:14'),
('mem00437', '吳宗翰', 'mail25770@test.com', 'pwd82311', '0918757429', '女', '1985-04-10', '狗', '銅牌', 'Edward11098', 'img01', '2023-03-15 17:14:46', '2023-04-02 04:21:40'),
('mem00438', '吳冠宇', 'mail74348@test.com', 'pwd93358', '0918656841', '男', '1989-02-26', '其他', '金牌', 'Ronnie74810', 'img01', '2023-03-15 18:07:34', '2023-04-27 12:34:48'),
('mem00439', '郭柏翰', 'mail91029@test.com', 'pwd22054', '0918264839', '男', '1988-06-05', '其他', '金牌', 'Chester58345', 'img01', '2023-03-02 00:18:19', '2023-04-05 15:25:25'),
('mem00440', '梁雅筑', 'mail55845@test.com', 'pwd11253', '0918254919', '男', '1992-09-18', '其他', '銀牌', 'Riley72697', 'img01', '2023-03-03 04:41:31', '2023-04-01 17:09:32'),
('mem00441', '傅宗翰', 'mail59220@test.com', 'pwd90793', '0918336123', '女', '1991-11-03', '貓', '金牌', 'Sebastian30229', 'img01', '2023-03-02 10:49:20', '2023-04-24 01:52:32'),
('mem00442', '於鈺婷', 'mail18849@test.com', 'pwd75152', '0918708358', '女', '1999-09-13', '狗貓', '金牌', 'Thomas88549', 'img01', '2023-03-10 17:55:04', '2023-04-01 15:17:31'),
('mem00443', '徐柏翰', 'mail39862@test.com', 'pwd83781', '0918271155', '女', '1985-08-31', '其他', '金牌', 'Chester70820', 'img01', '2023-03-15 09:19:35', '2023-04-21 07:06:36'),
('mem00444', '呂宗翰', 'mail88541@test.com', 'pwd11496', '0918300797', '女', '1990-12-23', '狗貓', '金牌', 'Mohammed59193', 'img01', '2023-03-19 02:22:15', '2023-04-21 21:36:42'),
('mem00445', '劉家豪', 'mail33283@test.com', 'pwd31007', '0918861667', '男', '1989-01-29', '狗貓', '銀牌', 'Oliver72032', 'img01', '2023-03-07 23:21:37', '2023-04-04 02:08:04'),
('mem00446', '何彥廷', 'mail77281@test.com', 'pwd60080', '0918328593', '男', '1999-07-22', '狗貓', '金牌', 'Harvey97396', 'img01', '2023-03-16 10:27:17', '2023-04-18 04:08:54'),
('mem00447', '李柏翰', 'mail25448@test.com', 'pwd92653', '0918380768', '男', '1986-05-20', '貓', '銀牌', 'Otis78608', 'img01', '2023-03-06 18:01:54', '2023-04-20 02:17:35'),
('mem00448', '胡怡婷', 'mail67822@test.com', 'pwd77363', '0918141868', '女', '1995-04-12', '其他', '銀牌', 'Albert73741', 'img01', '2023-03-15 12:00:49', '2023-04-02 18:10:08'),
('mem00449', '董冠宇', 'mail92431@test.com', 'pwd67808', '0918966208', '男', '1988-01-26', '其他', '金牌', 'Luca83976', 'img01', '2023-03-25 04:19:08', '2023-04-29 16:23:35'),
('mem00450', '曾怡萱', 'mail26091@test.com', 'pwd71804', '0918274013', '女', '1990-04-15', '其他', '銅牌', 'Hudson44357', 'img01', '2023-03-16 03:39:35', '2023-04-04 04:17:54'),
('mem00451', '彭家豪', 'mail47842@test.com', 'pwd71295', '0918786450', '女', '1995-12-03', '貓', '銅牌', 'Daniel73262', 'img01', '2023-03-19 00:54:19', '2023-04-17 04:10:30'),
('mem00452', '陳鈺婷', 'mail66583@test.com', 'pwd36098', '0918243745', '男', '1986-08-22', '狗', '金牌', 'David16782', 'img01', '2023-03-30 02:41:38', '2023-04-21 14:55:43'),
('mem00453', '許家豪', 'mail45575@test.com', 'pwd14634', '0918665956', '男', '1986-03-11', '其他', '銀牌', 'Carter64530', 'img01', '2023-03-23 06:34:27', '2023-04-06 20:22:56'),
('mem00454', '趙家豪', 'mail88974@test.com', 'pwd71153', '0918277369', '女', '1987-09-09', '狗貓', '銅牌', 'Milo73336', 'img01', '2023-03-20 16:57:56', '2023-04-06 15:48:41'),
('mem00455', '李宜庭', 'mail29793@test.com', 'pwd13970', '0918625221', '女', '1999-04-26', '其他', '銅牌', 'Hudson26662', 'img01', '2023-03-19 10:29:26', '2023-04-06 07:16:37'),
('mem00456', '程怡君', 'mail26849@test.com', 'pwd40241', '0918746381', '女', '1988-01-01', '貓', '銅牌', 'Logan39204', 'img01', '2023-03-25 20:01:08', '2023-04-10 07:04:02'),
('mem00457', '許冠霖', 'mail71132@test.com', 'pwd54610', '0918822205', '女', '1985-01-30', '其他', '銅牌', 'Hudson89777', 'img01', '2023-03-14 18:43:56', '2023-04-02 02:34:10'),
('mem00458', '高冠霖', 'mail60037@test.com', 'pwd64047', '0918214156', '男', '1995-08-22', '其他', '銀牌', 'Freddie37759', 'img01', '2023-03-16 07:24:56', '2023-04-11 17:47:06'),
('mem00459', '郭宇軒', 'mail28856@test.com', 'pwd90210', '0918487821', '男', '1986-07-02', '狗貓', '銅牌', 'Dylan35932', 'img01', '2023-03-11 15:07:15', '2023-04-29 05:56:29'),
('mem00460', '唐詩涵', 'mail30773@test.com', 'pwd75583', '0918239263', '男', '1998-02-14', '貓', '銅牌', 'Tobias59854', 'img01', '2023-03-12 13:20:58', '2023-04-21 22:34:14'),
('mem00461', '李雅筑', 'mail65643@test.com', 'pwd43931', '0918123808', '男', '1999-09-03', '狗', '金牌', 'Jesse98050', 'img01', '2023-03-12 06:23:43', '2023-04-20 15:17:45'),
('mem00462', '蕭佳穎', 'mail99123@test.com', 'pwd96118', '0918894709', '女', '1992-04-16', '貓', '銅牌', 'Noah47614', 'img01', '2023-03-27 06:24:33', '2023-04-29 13:58:24'),
('mem00463', '曾家豪', 'mail82507@test.com', 'pwd49211', '0918130501', '男', '1995-07-17', '貓', '銅牌', 'Jack40617', 'img01', '2023-03-08 19:17:48', '2023-04-08 06:19:38'),
('mem00464', '胡雅婷', 'mail53747@test.com', 'pwd62223', '0918349798', '男', '1993-02-13', '其他', '銀牌', 'Tobias64087', 'img01', '2023-03-20 00:06:33', '2023-04-03 04:03:43'),
('mem00465', '李冠霖', 'mail76504@test.com', 'pwd41157', '0918414879', '男', '1988-09-16', '狗貓', '銅牌', 'Louis96982', 'img01', '2023-03-10 16:23:13', '2023-04-09 09:16:16'),
('mem00466', '李怡婷', 'mail11635@test.com', 'pwd37879', '0918840002', '男', '1990-12-04', '貓', '金牌', 'Teddy43467', 'img01', '2023-03-24 08:11:08', '2023-04-18 04:01:40'),
('mem00467', '程冠廷', 'mail95272@test.com', 'pwd21545', '0918716738', '男', '1991-01-10', '狗貓', '金牌', 'Rory99905', 'img01', '2023-03-13 22:32:06', '2023-04-14 15:16:18'),
('mem00468', '傅柏翰', 'mail64403@test.com', 'pwd82342', '0918166733', '女', '1995-03-18', '狗', '銅牌', 'Lucas35018', 'img01', '2023-03-01 05:35:35', '2023-04-22 07:20:27'),
('mem00469', '趙郁婷', 'mail43826@test.com', 'pwd82494', '0918255968', '女', '1995-02-13', '貓', '銀牌', 'Frederick29937', 'img01', '2023-03-05 01:42:28', '2023-04-14 03:33:58'),
('mem00470', '楊冠廷', 'mail41541@test.com', 'pwd74802', '0918477482', '女', '1998-03-04', '狗貓', '金牌', 'Albie32904', 'img01', '2023-03-26 22:37:47', '2023-04-27 17:38:55'),
('mem00471', '程佳穎', 'mail78966@test.com', 'pwd34648', '0918493424', '女', '1993-12-12', '狗', '銅牌', 'Finn40538', 'img01', '2023-03-18 00:01:43', '2023-04-15 10:43:13'),
('mem00472', '高怡婷', 'mail47951@test.com', 'pwd42608', '0918964487', '女', '1997-06-21', '貓', '金牌', 'Tommy37706', 'img01', '2023-03-29 14:25:53', '2023-04-18 22:22:40'),
('mem00473', '彭柏翰', 'mail56119@test.com', 'pwd49853', '0918398772', '女', '1991-06-16', '其他', '銀牌', 'Charlie58367', 'img01', '2023-03-23 15:21:06', '2023-04-21 14:28:55'),
('mem00474', '蕭雅婷', 'mail54171@test.com', 'pwd76325', '0918622944', '男', '1998-06-08', '狗貓', '金牌', 'Toby48258', 'img01', '2023-03-03 13:59:20', '2023-04-19 03:13:54'),
('mem00475', '郭彥廷', 'mail37495@test.com', 'pwd18703', '0918664140', '男', '1998-11-16', '貓', '金牌', 'Edward63780', 'img01', '2023-03-02 20:58:12', '2023-04-23 00:03:50'),
('mem00476', '孫冠宇', 'mail90675@test.com', 'pwd45748', '0918352062', '男', '1993-01-25', '狗貓', '銅牌', 'David43411', 'img01', '2023-03-07 12:24:04', '2023-04-15 06:48:44'),
('mem00477', '程鈺婷', 'mail75161@test.com', 'pwd40187', '0918194176', '男', '1989-05-01', '狗貓', '銀牌', 'Jackson70194', 'img01', '2023-03-17 17:09:13', '2023-04-30 22:25:00'),
('mem00478', '李宇軒', 'mail31029@test.com', 'pwd53553', '0918334117', '女', '1985-08-09', '狗', '銀牌', 'Milo88479', 'img01', '2023-03-02 04:39:30', '2023-04-21 04:01:00'),
('mem00479', '程怡婷', 'mail40122@test.com', 'pwd59830', '0918110668', '男', '1995-01-17', '狗', '銀牌', 'Harry95986', 'img01', '2023-03-07 04:03:31', '2023-04-06 22:49:23'),
('mem00480', '傅怡婷', 'mail43377@test.com', 'pwd52399', '0918831378', '女', '1987-04-05', '狗貓', '銅牌', 'Henry43768', 'img01', '2023-03-13 06:31:56', '2023-04-23 05:08:45'),
('mem00481', '董郁婷', 'mail92605@test.com', 'pwd31139', '0918891728', '女', '1988-05-23', '狗貓', '銅牌', 'Oliver92907', 'img01', '2023-03-10 18:57:50', '2023-04-25 02:17:46'),
('mem00482', '呂怡萱', 'mail10928@test.com', 'pwd63182', '0918637651', '男', '1986-01-02', '狗', '銀牌', 'Jude70635', 'img01', '2023-03-05 12:51:25', '2023-04-12 06:59:28'),
('mem00483', '趙鈺婷', 'mail94222@test.com', 'pwd63115', '0918938074', '男', '1991-01-29', '狗', '金牌', 'Charlie81348', 'img01', '2023-03-27 09:16:18', '2023-04-24 17:27:34'),
('mem00484', '曾佳穎', 'mail98978@test.com', 'pwd96139', '0918652176', '男', '1997-10-09', '貓', '金牌', 'Adam99583', 'img01', '2023-03-11 10:45:45', '2023-04-10 17:28:54'),
('mem00485', '劉承翰', 'mail21740@test.com', 'pwd35134', '0918410468', '女', '1994-09-14', '貓', '銀牌', 'Theo52040', 'img01', '2023-03-18 02:43:29', '2023-04-08 16:03:58'),
('mem00486', '宋怡婷', 'mail55020@test.com', 'pwd68299', '0918776080', '男', '1993-04-04', '狗貓', '金牌', 'Alfie29783', 'img01', '2023-03-14 07:04:27', '2023-04-13 17:48:32'),
('mem00487', '馮承翰', 'mail83915@test.com', 'pwd27754', '0918966655', '男', '1988-01-26', '狗貓', '金牌', 'Tommy60050', 'img01', '2023-03-19 16:58:54', '2023-04-11 16:01:53'),
('mem00488', '蕭鈺婷', 'mail61053@test.com', 'pwd87449', '0918496296', '女', '1993-04-28', '狗', '金牌', 'Luca95644', 'img01', '2023-03-17 16:21:37', '2023-04-22 12:09:42'),
('mem00489', '王冠宇', 'mail62142@test.com', 'pwd57366', '0918838956', '女', '1991-02-28', '其他', '金牌', 'Theo14328', 'img01', '2023-03-09 01:50:45', '2023-04-29 02:42:44'),
('mem00490', '徐雅婷', 'mail71591@test.com', 'pwd19184', '0918993030', '男', '1996-12-08', '貓', '銀牌', 'Sebastian29783', 'img01', '2023-03-02 17:37:25', '2023-04-05 13:13:59'),
('mem00491', '馬怡婷', 'mail49888@test.com', 'pwd94391', '0918104969', '男', '1995-04-06', '其他', '銀牌', 'Nathan97961', 'img01', '2023-03-22 02:04:52', '2023-04-07 20:09:13'),
('mem00492', '李雅筑', 'mail27182@test.com', 'pwd51757', '0918993857', '女', '1999-09-08', '狗貓', '金牌', 'Jackson56876', 'img01', '2023-03-12 14:19:29', '2023-04-23 01:45:19'),
('mem00493', '鄧柏翰', 'mail93651@test.com', 'pwd74448', '0918171463', '男', '1985-05-21', '貓', '銅牌', 'Jasper61926', 'img01', '2023-03-13 03:09:07', '2023-04-08 08:38:54'),
('mem00494', '程佳穎', 'mail58913@test.com', 'pwd54654', '0918990954', '女', '1985-06-04', '狗貓', '金牌', 'Gabriel12400', 'img01', '2023-03-25 19:06:20', '2023-04-11 08:35:57'),
('mem00495', '王冠宇', 'mail15028@test.com', 'pwd82825', '0918372998', '男', '1992-01-15', '其他', '金牌', 'Oliver75175', 'img01', '2023-03-27 09:26:22', '2023-04-06 14:29:13'),
('mem00496', '楊宇軒', 'mail30542@test.com', 'pwd49682', '0918141899', '女', '1997-04-02', '貓', '銅牌', 'Ethan32020', 'img01', '2023-03-28 19:37:12', '2023-04-13 11:02:28'),
('mem00497', '趙郁婷', 'mail98619@test.com', 'pwd65567', '0918511074', '女', '1998-03-01', '狗貓', '銅牌', 'Luca85767', 'img01', '2023-03-22 00:39:47', '2023-04-02 06:18:34'),
('mem00498', '何雅婷', 'mail97487@test.com', 'pwd91101', '0918489118', '女', '1988-11-08', '狗', '金牌', 'Reuben53925', 'img01', '2023-03-30 16:13:17', '2023-04-25 22:13:38'),
('mem00499', '於佳穎', 'mail25938@test.com', 'pwd78344', '0918449315', '女', '1997-02-26', '狗', '銀牌', 'Muhammad48747', 'img01', '2023-03-01 11:11:30', '2023-04-02 16:37:31'),
('mem00500', '呂柏翰', 'mail33435@test.com', 'pwd61638', '0918876007', '男', '1996-12-13', '貓', '銀牌', 'David29609', 'img01', '2023-03-20 07:34:41', '2023-04-23 11:45:10');

-- --------------------------------------------------------

--
-- Table structure for table `ord_cart`
--

CREATE TABLE `ord_cart` (
  `cart_sid` int(11) NOT NULL COMMENT '購物車流水號',
  `member_sid` varchar(20) NOT NULL COMMENT '會員編號(GB)',
  `relType` varchar(20) NOT NULL COMMENT '品項類型（PROD/EVENT）',
  `rel_sid` varchar(20) NOT NULL COMMENT '品項父編號',
  `rel_seqNum_sid` varchar(20) NOT NULL COMMENT '品項子編號',
  `prodQty` int(11) DEFAULT NULL COMMENT '購買數量',
  `adultQty` int(11) DEFAULT NULL COMMENT '人數(成人)',
  `childQty` int(11) DEFAULT NULL COMMENT '人數(小孩)',
  `orderStatus` varchar(20) NOT NULL COMMENT '商品狀態（001cart,002order,003Delete）'
) ENGINE=InnoDB DEFAULT CHARSET=utf8mb4;

--
-- Dumping data for table `ord_cart`
--

INSERT INTO `ord_cart` (`cart_sid`, `member_sid`, `relType`, `rel_sid`, `rel_seqNum_sid`, `prodQty`, `adultQty`, `childQty`, `orderStatus`) VALUES
(1, 'mem00001', 'prod', 'CFSN0006', '01', 1, NULL, NULL, '001'),
(2, 'mem00001', 'prod', 'BFSN0005', '01', 1, NULL, NULL, '001'),
(4, 'mem00001', 'event', '33', '33', NULL, 2, 5, '001'),
(5, 'mem00001', 'event', '4', '4', NULL, 2, 1, '001'),
(7, 'mem00002', 'prod', 'BFSN0003', '01', 7, NULL, NULL, '001'),
(8, 'mem00002', 'prod', 'BFSN0005', '01', 1, NULL, NULL, '001'),
(10, 'mem00002', 'event', '19', '19', NULL, 1, 2, '002'),
(11, 'mem00002', 'event', '45', '45', NULL, 3, 3, '001'),
(13, 'mem00003', 'prod', 'CFSN0006', '01', 1, NULL, NULL, '002'),
(14, 'mem00003', 'prod', 'BFSN0003', '01', 7, NULL, NULL, '001'),
(15, 'mem00003', 'prod', 'BFSN0001', '01', 3, NULL, NULL, '001'),
(16, 'mem00003', 'prod', 'BFSN0002', '01', 3, NULL, NULL, '001'),
(20, 'mem00001', 'event', '22', '22', NULL, 2, 3, '001'),
(21, 'mem00001', 'event', '19', '19', NULL, 1, 2, '001'),
(22, 'mem00001', 'event', '41', '41', NULL, 1, 2, '002'),
(23, 'mem00001', 'event', '16', '16', NULL, 1, 2, '001');

-- --------------------------------------------------------

--
-- Table structure for table `ord_details`
--

CREATE TABLE `ord_details` (
  `ord_seq_sid` int(11) NOT NULL COMMENT '訂單明細序號',
  `order_sid` varchar(20) NOT NULL COMMENT '訂單編號',
  `relType` varchar(20) NOT NULL COMMENT '品項類型（prod/act）',
  `rel_sid` varchar(20) NOT NULL COMMENT '品項父編號(p/a)',
  `rel_seq_sid` varchar(20) NOT NULL COMMENT '品項子編號(p/a)',
  `relName` varchar(225) NOT NULL COMMENT '品項名稱(p/a)',
  `rel_seqName` varchar(255) NOT NULL COMMENT '品項子名稱/期別(p/a)',
  `prodAmount` int(11) DEFAULT NULL COMMENT '商品金額(p)',
  `prodQty` int(11) DEFAULT NULL COMMENT '購買數量(p)',
  `adultAmount` int(11) DEFAULT NULL COMMENT '成人金額(a)',
  `adultQty` int(11) DEFAULT NULL COMMENT '人數(成人)(a)',
  `childAmount` int(11) DEFAULT NULL COMMENT '小孩金額(a)',
  `childQty` int(11) DEFAULT NULL COMMENT '人數(小孩)(a)',
  `amount` int(11) NOT NULL COMMENT '小計'
) ENGINE=InnoDB DEFAULT CHARSET=utf8mb4;

--
-- Dumping data for table `ord_details`
--

INSERT INTO `ord_details` (`ord_seq_sid`, `order_sid`, `relType`, `rel_sid`, `rel_seq_sid`, `relName`, `rel_seqName`, `prodAmount`, `prodQty`, `adultAmount`, `adultQty`, `childAmount`, `childQty`, `amount`) VALUES
(1, 'ORD00001', 'prod', 'CFSN0006', '01', '職貓肉泥-鮪&middot;伊勢海老', '鮪魚+0.6kg', 55, 1, NULL, NULL, NULL, NULL, 55),
(2, 'ORD00001', 'event', '33', '33', '狗狗演技班', '2023-05-19', NULL, NULL, 250, 2, 125, 6, 1250),
(3, 'ORD00002', 'prod', 'CFSN0006', '01', '職貓肉泥-鮪&middot;伊勢海老', '鮪魚+0.6kg', 55, 1, NULL, NULL, NULL, NULL, 55),
(4, 'ORD00002', 'event', '33', '33', '狗狗演技班', '2023-05-19', NULL, NULL, 250, 2, 125, 8, 1500),
(5, 'ORD00002', 'event', '19', '19', '貓咪寶寶課程', '2023-10-12', NULL, NULL, 350, 1, 175, 2, 700),
(6, 'ORD00003', 'event', '41', '41', '貓咪美容護理', '2023-05-20', NULL, NULL, 250, 1, 125, 2, 500);

-- --------------------------------------------------------

--
-- Table structure for table `ord_order`
--

CREATE TABLE `ord_order` (
  `order_sid` varchar(11) NOT NULL COMMENT '訂單編號',
  `member_sid` varchar(20) NOT NULL COMMENT '會員編號',
  `coupon_sid` varchar(20) DEFAULT NULL COMMENT '優惠券編號',
  `postAddress` varchar(255) NOT NULL COMMENT '寄送地址',
  `postType` int(11) NOT NULL COMMENT '寄送方式1:到府2:超取',
  `postStatus` int(11) NOT NULL COMMENT '寄送狀態（0:取1:備\r\n2:運3:到\r\n4:未取）',
  `treadType` int(11) NOT NULL COMMENT '1:cc,2:line,3:trans',
  `relAmount` bigint(20) NOT NULL COMMENT '訂單總金額',
  `postAmount` bigint(20) DEFAULT NULL COMMENT '運費總額',
  `couponAmount` bigint(20) DEFAULT NULL COMMENT '優惠總額',
  `order_status` int(11) NOT NULL COMMENT '訂單狀態0:未付，1:付',
  `creator` varchar(255) DEFAULT NULL COMMENT '訂單成立者',
  `createDt` datetime NOT NULL DEFAULT CURRENT_TIMESTAMP COMMENT '訂單成立時間',
  `moder` varchar(255) DEFAULT NULL COMMENT '修改者',
  `modDt` datetime DEFAULT NULL COMMENT '修改時間'
) ENGINE=InnoDB DEFAULT CHARSET=utf8mb4;

--
-- Dumping data for table `ord_order`
--

INSERT INTO `ord_order` (`order_sid`, `member_sid`, `coupon_sid`, `postAddress`, `postType`, `postStatus`, `treadType`, `relAmount`, `postAmount`, `couponAmount`, `order_status`, `creator`, `createDt`, `moder`, `modDt`) VALUES
('ORD00001', 'mem00001', '760', 'jadsflkjadsf', 1, 1, 3, 1305, 80, 200, 0, 'Admin01', '2023-05-17 10:44:13', NULL, '2023-05-17 10:44:13'),
('ORD00002', 'mem00001', '233', 'asdfadf', 1, 1, 3, 2255, 80, 600, 0, 'Admin01', '2023-05-17 10:48:26', NULL, '2023-05-17 10:48:26'),
('ORD00003', 'mem00001', '760', 'lkjsdf', 1, 1, 3, 500, 80, 200, 0, 'Admin01', '2023-05-17 12:40:17', NULL, '2023-05-17 12:40:17');

-- --------------------------------------------------------

--
-- Table structure for table `post_board`
--

CREATE TABLE `post_board` (
  `board_sid` int(11) NOT NULL COMMENT '看板編號',
  `board_name` varchar(20) NOT NULL COMMENT '看板名稱'
) ENGINE=InnoDB DEFAULT CHARSET=utf8mb4;

--
-- Dumping data for table `post_board`
--

INSERT INTO `post_board` (`board_sid`, `board_name`) VALUES
(1, '寵物醫療板'),
(2, '寵物住宿板'),
(3, '寵物友善景點'),
(4, '寵物安親板'),
(5, '狗/貓聚板'),
(6, '曬毛孩板'),
(7, '寵物學校'),
(8, '寵物友善\r\n餐廳/咖啡廳'),
(9, '寵物照護'),
(10, '寵物殯葬'),
(11, '幼犬/貓版'),
(12, '老犬/貓版'),
(13, '寵物梗圖');

-- --------------------------------------------------------

--
-- Table structure for table `post_comment`
--

CREATE TABLE `post_comment` (
  `comment_sid` int(11) NOT NULL COMMENT '留言編號',
  `post_sid` int(11) NOT NULL COMMENT '文章編號',
  `member_sid` varchar(255) NOT NULL COMMENT '會員編號',
  `parent_sid` int(11) NOT NULL COMMENT '父留言編號',
  `comment_content` varchar(255) NOT NULL COMMENT '留言內容',
  `comment_date` datetime NOT NULL COMMENT '留言日期'
) ENGINE=InnoDB DEFAULT CHARSET=utf8mb4;

-- --------------------------------------------------------

--
-- Table structure for table `post_file`
--

CREATE TABLE `post_file` (
  `file_sid` int(11) NOT NULL COMMENT '相片/影片',
  `post_sid` int(11) NOT NULL COMMENT 'FK from post_list(文章列表)',
  `file_type` varchar(20) CHARACTER SET utf8mb4 NOT NULL COMMENT '區分檔案類型\r\n照片：F01\r\n影片：F02',
  `file` varchar(20) CHARACTER SET utf8mb4 NOT NULL COMMENT '檔案內容'
) ENGINE=InnoDB DEFAULT CHARSET=utf8;

--
-- Dumping data for table `post_file`
--

INSERT INTO `post_file` (`file_sid`, `post_sid`, `file_type`, `file`) VALUES
(1, 54, 'F01', '11');

-- --------------------------------------------------------

--
-- Table structure for table `post_follow`
--

CREATE TABLE `post_follow` (
  `board_sid` int(11) NOT NULL COMMENT '看板編號 (追蹤的看板)',
  `member_sid` varchar(255) NOT NULL COMMENT '會員編號',
  `follow_date` datetime NOT NULL COMMENT '追蹤日期'
) ENGINE=InnoDB DEFAULT CHARSET=utf8mb4;

-- --------------------------------------------------------

--
-- Table structure for table `post_like`
--

CREATE TABLE `post_like` (
  `post_sid` int(11) NOT NULL COMMENT '文章編號',
  `member_sid` varchar(255) NOT NULL COMMENT '會員編號',
  `like_date` datetime NOT NULL COMMENT '按讚時間'
) ENGINE=InnoDB DEFAULT CHARSET=utf8mb4;

-- --------------------------------------------------------

--
-- Table structure for table `post_list_admin`
--

CREATE TABLE `post_list_admin` (
  `post_sid` int(11) NOT NULL COMMENT '文章編號',
  `admin_name` varchar(255) NOT NULL COMMENT '管理者名稱',
  `board_sid` int(11) NOT NULL COMMENT '看板編號 (FK from 看板分類)',
  `post_title` varchar(255) CHARACTER SET utf8mb4 NOT NULL COMMENT '文章標題',
  `post_content` varchar(255) CHARACTER SET utf8mb4 NOT NULL COMMENT '文章內容',
  `post_date` datetime NOT NULL COMMENT '貼文日期',
  `update_date` datetime DEFAULT NULL COMMENT '更新日期'
) ENGINE=InnoDB DEFAULT CHARSET=utf8;

--
-- Dumping data for table `post_list_admin`
--

INSERT INTO `post_list_admin` (`post_sid`, `admin_name`, `board_sid`, `post_title`, `post_content`, `post_date`, `update_date`) VALUES
(1, 'Lilian', 1, '提高寵物醫療意識，守護毛孩健康！', '寵物是我們家庭的一份子，牠們帶給我們歡笑和快樂。然而，隨著人們對於寵物的飼養需求增加，寵物醫療也越來越受到關注。作為主人，我們必須了解寵物醫療的重要性，以確保毛孩們的健康和幸福。\r\n\r\n寵物醫療包括預防保健、診斷和治療，能夠提供牠們全面的健康保障。疫苗接種、定期體檢、牙齒清潔、寄生蟲預防、疾病治療等等，都是寵物醫療的重要內容。而當我們的毛孩生病或受傷時，也需要及時就醫，接受專業的治療和護理，以免造成更大的傷害!', '2023-05-12 15:42:34', '2023-05-15 14:58:51'),
(2, 'Jenny', 2, '讓您的毛孩享受愉快的住宿體驗！', '當您出門旅行或是有緊急事情需要處理時，有時候無法帶著毛孩一同出門。這時候，尋找一個安全、舒適、有良好口碑的寵物住宿場所是非常重要的。\r\n\r\n寵物住宿場所能夠提供您的毛孩一個安全舒適的環境，在您不在身邊的時候照顧他們的需求。這裡有專業的工作人員，會確保您的毛孩得到良好的照顧和保護，包括飲食、運動、清潔、玩耍等方面。\r\n\r\n此外，寵物住宿場所也為您的毛孩提供了社交和互動的機會，讓牠們與其他的毛孩相處，建立友誼和信任。這對於社交能力較差或是需要更多關注的毛孩來說，是非常有益的體驗！\r\n\r\n', '2023-05-12 15:53:53', '2023-05-16 12:17:21'),
(3, 'Gabrielle', 3, '寵物友善景點，帶上毛孩一起探索！', '您是否經常面臨出門旅行卻無法帶著毛孩的困擾？現在，越來越多的景點開始接受寵物進入，成為了寵物友善景點。這些景點提供了各種不同的活動和設施，讓您和您的毛孩一起探索新的地方和體驗新的冒險！\r\n\r\n無論是海灘、公園、湖泊還是山區，都有許多寵物友善的景點，讓您可以享受美好的時光和自然風光，同時與毛孩一起共度美好時光。在這些景點中，您可以帶著毛孩一起散步、運動、游泳、釣魚、露營等等，一起體驗美好的自然風光和活動。\r\n\r\n', '2023-05-12 15:55:36', '2023-05-15 16:07:46'),
(4, 'Lily', 4, '寵物安親，讓您出門無憂！', '寵物安親是一種為主人解決寵物照顧問題的服務。當您需要外出旅行、上班、或其他事情時，您可以將寵物交給專業的寵物安親人員照顧，讓您出門無憂，寵物也能得到妥善的照顧和關愛。\r\n寵物安親通常會提供寵物定期餵食、散步、清潔和玩耍等服務，並能夠解決寵物在主人不在身邊時可能出現的問題，例如寂寞、憂鬱、失控等等。同時，寵物安親還能夠及時發現和處理寵物的健康問題，確保寵物健康和安全。\r\n如果您需要寵物安親的服務，建議您提前和安親人員進行溝通和協商，了解其服務內容、價格和保險等情況。', '2023-05-12 15:58:51', '2023-05-16 16:07:51'),
(5, 'Jill', 5, '號外！5/25在大安森林公園舉辦狗聚', '毛孩爸媽看過來！ 我們即將在5/25在台北市大安森林公園舉辦一場狗聚，邀請各位狗友帶著自己的毛孩一起參加。這場狗聚旨在提供一個讓毛孩們能夠放鬆、自由奔跑的環境，讓牠們有機會與其他狗狗玩耍、社交，並且促進與主人之間更加緊密的關係。\r\n狗聚將在當天上午十點開始，會場將提供各種狗狗玩具、攝影區等等，讓毛孩們可以盡情地奔跑、嬉戲、玩耍，而主人們也可以在這個活動中，和其他狗友們交流分享養狗心得，建立更深厚的友誼。\r\n', '2023-05-12 16:00:09', '2023-05-15 16:07:56'),
(6, 'Shu yi', 6, '公告！6/1 貓狗大作戰世紀毛孩選美比賽', '緊張緊張！刺激刺激！6/1，我們將在世貿一館舉辦一場毛孩選美比賽，邀請各位狗友帶著自己的毛孩一起參加。這場比賽旨在展現毛孩的魅力、提高對毛孩飼養的認知，並且讓主人們有機會和其他狗友們交流分享養狗心得，建立更深厚的友誼。\r\n\r\n比賽將分為幾個環節，包括普及知識問答、表演秀、服裝秀、才藝比拼等等，讓每位毛孩都有機會展現自己的特色與魅力。同時，我們也特別邀請了多位專業評審團隊，來評選出最有魅力、最有特色的毛孩。\r\n', '2023-05-12 16:06:49', '2023-05-15 16:08:01'),
(7, 'Lilian', 1, '寵愛牠就一起守護牠的健康', '提高寵物醫療意識是非常重要的。我們建議主人們定期帶寵物去接受醫療保健，遵循醫生的建議進行預防和治療，並時刻關注寵物的健康狀況。同時，也要注意給寵物提供安全、舒適的生活環境，避免疾病和傷害的發生。\r\n\r\n如果您還沒有為您的毛孩進行全面的醫療保健，現在就是一個好時機。我們建議您找一家信譽良好、專業的寵物診所，讓您的寵物接受專業的醫療保健。在這裡，您的毛孩將能夠獲得最好的護理和治療，並且您也能夠學到更多有關寵物醫療的知識和技巧。\r\n', '2023-05-12 16:09:34', '2023-05-15 16:08:23'),
(8, 'Gabrielle', 3, '週末帶著毛孩去戶外散散心吧！', '位於新北市瑞芳區的十分瀑布是一個非常適合帶寵物一起前往的景點。整個景區環境寬敞，有許多綠地可以讓寵物休息玩耍，而且在走步道的過程中可以欣賞到瀑布美景，讓您和寵物一起感受大自然的美好。此外，十分瀑布周邊也有一些餐廳提供寵物友善的用餐環境，您可以在享用美食的同時照顧寵物。整體來說，十分瀑布是一個非常寵物友善的景點，值得您和寵物一起前往探索。', '2023-05-12 16:11:02', '2023-05-15 16:08:29'),
(9, 'Lilian', 1, '貓狗大作戰，最關心您寶貝的健康', '醫療保健對寵物的健康十分重要，特別是在年紀漸長或身體狀況不佳的情況下。寵物需要定期接受獸醫檢查、接種疫苗、進行牙齒清潔、做骨密度測試等等，以確保身體健康並及早發現任何健康問題。另外，對於經常在室內活動的寵物，預防蚤、蟎等寄生蟲也非常重要。如果您的寵物出現任何不尋常的症狀，請及時帶牠前往獸醫診所檢查。寵物的健康和長壽需要主人的關愛和細心照料，維持健康的生活方式對您的寵物而言也是最好的禮物。', '2023-05-12 16:17:21', '2023-05-15 12:17:41'),
(10, 'Lily', 4, '寵物安親：讓您的毛孩在您不在家時得到最好的照顧', '當您需要短暫離開家時，您可以考慮寵物安親服務。這些服務通常提供安全、寬敞、乾淨的環境，以及有經驗的工作人員照顧您的寵物。許多寵物安親中心還提供活動、遊戲和社交互動，讓您的寵物不會感到無聊或孤單。此外，寵物安親中心也可以提供飲食、定期澡洗和醫療保健等基本服務，讓您可以安心出門，知道您的寵物得到了良好的照顧。如果您需要寵物安親服務，請確保選擇信譽良好的中心，以確保您的寵物得到最好的照顧！', '2023-05-12 16:18:30', '2023-05-15 12:17:32'),
(11, 'Jill', 5, '號外！6/5毛孩運動會，和您的寵物一起運動吧！', '6/5在大佳河濱公園舉辦毛孩運動會，讓您和您的寵物一起運動，享受愉快的時光！本次活動設有多個運動項目，包括狗狗競速、接力賽、攀爬比賽等等，讓您的寵物可以盡情展現自己的風采。同時，還有豐富的獎品等您來拿！\r\n\r\n我們鼓勵所有的寵物主人和寵物一起參加本次活動，讓您的寵物得到運動和社交的機會，同時也可以增進您和寵物之間的感情。本次活動免費參加，歡迎大家踴躍參加！\r\n\r\n時間：6/5（六）9:00-12:00\r\n地點：大佳河濱公園\r\n報名方式：現場報名，免費參加', '2023-05-12 16:20:03', NULL),
(12, 'Shu yi', 6, '寵物大明星！就是你！', '貓狗大作戰重視毛孩的安全與健康，場內將設置專業的獸醫師現場診斷，並提供相關的醫療協助，以確保每位參加比賽的毛孩都能在健康、安全的環境中參與比賽。\r\n\r\n無論你的毛孩是哪種品種，無論你們的表現如何，都歡迎來參加這場毛孩選美比賽！讓你的毛孩展現出最美、最有魅力的一面，和其他毛孩一起享受這個美好的時刻。\r\n\r\n最後，請主人們務必注意自己的毛孩，維護現場秩序，共同創造一個愉快、安全、舒適的比賽環境。讓這場毛孩選美比賽成為你和毛孩們最美好的回憶！', '2023-05-12 16:20:56', NULL),
(13, 'Lilian', 1, '重視保健，讓您的寵物更健康', '寵物是我們生活中不可或缺的伙伴，因此保護牠們的健康非常重要。除了定期的獸醫檢查和疫苗接種外，寵物還需要做定期的牙齒清潔、身體檢查、血液檢查等。此外，定期檢查眼睛和耳朵的健康狀況，並及時檢查牠們是否感染蚤子、蟎等寄生蟲也很重要。提前預防比事後治療更好，所以寵物醫療保健應該成為寵物主人的日常事務。照顧好寵物的健康，讓牠們健康長壽，與您相伴更長久。', '2023-05-12 17:15:48', '2023-05-13 17:15:48'),
(18, 'Jenny', 2, '擔心出國毛孩該怎麼辦嗎？', '在寵物住宿場所中，還有許多額外的服務和活動，例如美容、按摩、訓練等等。您可以選擇合適的服務，為您的毛孩提供最好的照顧和關愛。這也可以讓您更加放心，知道您的毛孩正在得到最好的照顧和關注。', '2023-05-12 17:37:24', '2023-05-15 17:37:24'),
(19, 'Gabrielle', 3, '和您的毛孩一起探索寵物友善景點', '無論是在城市或郊區，寵物友善景點是讓您和您的毛孩共度時光的好地方。寵物友善景點可以是公園、海灘、咖啡館、餐廳等，這些地方允許您的寵物進入，並且提供相應的設施和服務。在這些地方，您可以和您的毛孩享受陽光、呼吸新鮮空氣，還可以和其他寵物和主人們互動。但是，當您帶著寵物外出時，請務必遵守相應的規定，包括拴繩、撿便等等。讓我們一起探索寵物友善景點，讓您和您的毛孩有更多的機會體驗生活的樂趣。', '2023-05-12 17:37:40', '2023-05-17 17:37:40'),
(21, 'Lilian', 1, '如何選擇適合自己寵物的醫院？', '選擇適合自己寵物的醫院是非常重要的。你需要考慮的因素包括：距離、獸醫師的資格和經驗、設施和設備、評價等等。你可以詢問其他飼主的意見或網路評論，也可以親自到診所參觀，詢問醫生的經驗和看設施設備是否符合標準。', '2023-05-13 11:53:45', '2023-05-15 15:53:45'),
(22, 'Jenny', 2, '看中哪些因素，選擇一家好的寵物旅館？', '選擇一家好的寵物旅館，需要注意幾個因素：首先要考慮旅館的地理位置是否方便，其次要查看旅館的設施和服務，比如房間大小、空調設備、清潔情況等，還要了解旅館的安全措施，比如防盜、防火等。最重要的是要詢問是否有訓練有素的工作人員，他們能夠保障您寵物的安全和健康。', '2023-05-15 11:55:00', '2023-05-17 16:55:00'),
(24, 'Lily', 4, '寵物安親服務是什麼？有什麼優點？', '寵物安親服務是一種照顧寵物的服務，當主人需要離開家時，可以讓寵物在安全、舒適的環境下得到照顧。其優點包括：避免留下寵物孤單、焦慮，不用擔心飼料、水等問題，照顧專業、貼心，寵物可以得到適當的運動和社交。', '2023-05-18 11:55:07', '2023-05-19 11:55:07'),
(28, 'Lilian', 1, '常見的狗狗皮膚病及其治療方法', '常見的狗狗皮膚病包括濕疹、皮膚過敏、寄生蟲感染等等。治療方法包括獸醫師的處方藥物、餵食特殊食品、洗澡和清潔等等。但是，最重要的是要找出病因並解決，例如避免食用導致過敏的食物、減少狗狗在戶外暴露於寄生蟲等環境中等。', '2023-05-16 12:06:56', '2023-05-19 12:06:56'),
(29, 'Jenny', 2, '如何保證在住宿時寵物的安全和健康？', '當您選擇一家寵物旅館時，請詢問有關寵物的安全和健康措施，比如旅館的獸醫設施、飲食和運動等安排，以確保您的寵物能夠在旅途中得到良好的照顧。此外，您也可以提供寵物相關的資料和照片給旅館，以便他們更好地了解您的寵物，並能夠提供更個性化的服務。', '2023-05-15 12:09:04', '2023-05-16 15:09:04'),
(30, 'Lily', 4, '如何選擇一家好的寵物安親服務？', '選擇一家好的寵物安親服務需要考慮多方面因素，包括設施、環境、服務、照顧人員等。可以查詢評論、詢問朋友、實地考察等方法進行選擇。', '2023-05-17 12:32:00', '2023-05-18 20:47:00'),
(32, 'Lilian', 1, '適當的預防措施減少寵物蛔蟲感染', '寵物蛔蟲感染是很常見的問題。狗狗和貓咪會通過進食帶有寄生蟲卵的糞便或食物感染寄生蟲。定期為你的寵物進行除蟲和疫苗接種可以預防寄生蟲感染，另外保持環境清潔也是非常重要的。', '2023-05-17 12:32:00', '2023-05-20 10:47:00'),
(33, 'Lily', 4, '寵物安親服務的設施和服務是什麼？', '寵物安親服務的設施通常包括寬敞的狗舍或貓舍、舒適的睡床、飼料和水的供應、定期運動等。服務通常包括照顧、運動、餵養、洗澡、打掃等。', '2023-05-11 12:32:00', '2023-05-18 10:47:00'),
(34, 'Jenny', 2, '給寵物安排住宿：優點和缺點', '寵物住宿的優點是，當您需要離開家時，可以放心地把寵物寄宿在專業的旅館中，讓寵物得到充分的照顧和關注。缺點是，寵物可能會有一些適應上的問題，比如與陌生人相處、環境改變等，需要耐心和時間來調整。因此，在安排住宿之前，請與寵物多做溝通和訓練，以減少這些問題的發生。', '2023-05-15 12:32:00', '2023-05-18 10:47:00'),
(35, 'Lily', 4, '安排寵物安親時需要考慮的事項', '安排寵物安親時需要考慮的事項包括選擇好的安親服務、提供寵物必要的資料、準備好必要的飼料、玩具等，並讓寵物適應新環境。', '2023-05-16 12:32:00', '2023-05-18 19:36:00'),
(36, 'Lilian', 1, '寵物牙齒保健：避免龍口咖啡', '不正確的口腔護理會導致狗狗或貓咪出現牙周病和牙齒問題。你可以給寵物提供刷牙、洗牙和口腔清潔等保健方法。還要注意餵食，例如避免給寵物喝咖啡等人類飲料。', '2023-05-16 22:32:00', '2023-05-18 09:36:00'),
(37, 'Lily', 4, '如何讓寵物適應安親服務？', '讓寵物適應安親服務需要一定的時間和耐心。可以提前和照顧人員溝通，讓寵物熟悉環境和人員，帶上寵物喜歡的玩具和飼料，給予關愛和陪伴，並定期探訪。', '2023-05-13 12:50:01', '2023-05-14 16:38:34'),
(38, 'Jenny', 2, '寵物住宿和傳統的狗舍有何區別？', '寵物住宿和傳統的狗舍在設施和服務方面有所不同。寵物住宿更加舒適，設施和服務更加多樣化，例如提供寵物美容、寵物營養餐等服務，也更加注重寵物健康管理。傳統的狗舍則是以提供基本餵養和生活環境為主。', '2023-05-13 19:50:01', '2023-05-15 16:38:34'),
(52, 'Shu yi', 6, ' 寵物小模特兒大賽', '想讓自己的毛孩成為下一個時尚小模特兒嗎？現在就帶著牠來參加我們的「寵物小模特兒大賽」吧！我們邀請了專業評審團隊來評選最可愛、最有型的寵物，讓你的寵物成為下一個網紅小模特兒。參賽者還能得到贈品和特別照片集，讓你和你的毛孩留下珍貴的回憶。快來報名參加吧！', '2023-05-13 15:08:51', '2023-05-15 09:46:07'),
(54, 'Lilian', 5, ' 寵物大挑戰', ' 你的毛孩準備好挑戰極限了嗎？我們的「寵物大挑戰」等著你們來挑戰！在這個比賽中，你的寵物將會面臨各種不同的挑戰，例如越過障礙、游泳比賽和腦力遊戲等等。這不僅是一個展現你的寵物實力的機會，也是一個可以和你的毛孩一起互動、建立更深層的感情的機會。快來報名參加吧，一起挑戰極限！', '2023-05-13 15:34:46', '2023-05-15 09:47:35'),
(55, 'Lilian', 7, '最新課程資訊公告', '親愛的寵物家長您好：\r\n近期寵物學校新增了幾堂課程，包括狗狗從入門到進階的訓練課程、貓咪的行為調教課程，以及小型寵物常見疾病預防課程等。歡迎有需要的寵物家長報名參加，讓您的毛孩有更好的學習體驗。\r\n', '2023-04-01 10:23:41', '2023-04-02 13:45:22'),
(56, 'Jill', 8, '餐廳推薦-貓咪專屬料理', '各位貓奴好！最近有一家新開幕的餐廳，提供了貓咪專屬的餐點。菜單上有各種口味的貓糧、貓罐頭，還有貓咪最愛的鮮肉！就算是貓咪的主人，也可以在這裡點到自己喜愛的餐點。更重要的是，這家餐廳的環境也十分貓咪友善，充滿著貓咪的氛圍，讓您的毛孩也能一同享受用餐樂趣。\r\n', '2023-03-15 14:05:02', '2023-03-16 10:17:42'),
(57, 'Lily', 9, '保養寵物毛髮小技巧', '毛孩的毛髮健康與否關係到寵物的整體健康，以下是幾個保養寵物毛髮的小技巧：\r\n1. 頻繁的梳理可以減少結痕、防止脫髮。\r\n2. 飲食應當均衡，避免缺乏營養。\r\n3. 給寵物洗澡時，不要用人用的洗髮精或肥皂，選用適合寵物的清潔用品。\r\n4. 在熱天裡，可以為寵物修剪過長的毛髮，減少散熱困難。\r\n希望以上小技巧可以各位毛孩爸媽更清楚如何照護自己的毛小孩！', '2023-03-22 14:05:02', '2023-03-23 10:17:42'),
(58, 'Shu yi', 9, '寵物洗澡技巧分享', '親愛的會員們，我們來聊聊如何幫寵物洗澡吧！首先，選擇適合寵物皮膚的洗澡產品是很重要的，不要用人用的洗髮精和沐浴乳等清潔產品。其次，洗澡水溫要控制在適當的溫度，不要太熱或太冷，以免傷害寵物皮膚。最後，洗完澡後要好好擦乾寵物身上的水分，以免引起感冒等問題。希望這些小技巧能幫助到大家，讓寵物可以健康美麗的生活！', '2023-04-01 12:30:00', '2023-04-02 14:45:00'),
(59, 'Gabrielle', 10, '寵物喪禮的注意事項', '親愛的會員們，今天我們來談談寵物喪禮的注意事項。首先，選擇適合的寵物殯葬方式，可以選擇土葬、火化、水葬等方式，或者選擇相應的骨灰盒，避免負擔過重。其次，選擇好喪禮的時間和地點，給寵物一個安靜、溫馨的告別環境。最後，注意疫情期間的相關防疫措施，保護自己和他人的健康。希望這些注意事項能夠幫助到您，讓寵物可以得到合適的告別方式，安心離去。', '2023-02-20 09:15:00', '2023-02-21 13:20:00'),
(60, 'Jenny', 11, '幼貓養成心得分享', '親愛的會員們，這裡是寵物幼貓養成心得分享。首先，提供給幼貓適宜的飼料和適量的水，以保持它們的健康。其次，幼貓需要適當的運動量和遊戲時間，促進它們的成長和發展。最後，訓練幼貓的好習慣，讓貓咪可以更守規矩的成長！', '2023-02-21 09:15:00', '2023-02-21 13:20:00'),
(61, 'Jenny', 8, '全新環保餐盒，友善毛孩的選擇', '為了維護地球永續發展，本店推出全新的環保餐盒，以可再利用材質製成，符合友善毛孩的選擇。無論是想要在餐廳內享用美食，或是外帶回家品嚐，都可以選擇使用環保餐盒。除了愛護地球，也愛護毛孩的健康，從餐盒到餐點，全都採用無毒環保材質，讓毛孩吃得健康又安心。', '2023-04-18 12:34:56', '2023-04-19 13:22:08'),
(62, 'Gabrielle', 9, '快來報名寵物按摩體驗課程', '提供最專業的寵物按摩體驗課程，為您的毛孩解除身體緊繃的不適感，放鬆身心，讓牠們更健康快樂。我們的寵物按摩師傳授的按摩技巧不僅可以消除肌肉僵硬疼痛，更能促進血液循環，增強免疫力。每次課程時間約60分鐘，費用合理，歡迎前來報名體驗。', '2023-02-12 09:30:22', '2023-02-13 10:45:12'),
(63, 'Shu yi', 10, '最具紀念價值的寵物紀念碑墓', '輕鬆打造屬於毛孩的紀念碑墓，讓您和毛孩永遠擁有彼此的回憶。我們提供豐富的墓碑設計選擇，不論是雕刻技巧還是材質，都是一流水準，讓您可以根據毛孩的特質和個性，打造專屬的墓碑。並且，我們提供完整的墓葬服務，從墓碑的設計到選址，都可以幫您妥善安排。讓毛孩在天堂也可以感受到主!', '2023-02-16 09:30:22', '2023-02-18 10:45:12'),
(65, 'Lilian', 7, '如何選擇適合自己毛孩的寵物學校？', '寵物學校種類繁多，如何找到最適合自己寶貝的寵物學校呢？', '2023-01-22 08:24:15', '2023-01-23 11:30:00'),
(66, 'Lily', 8, '狗狗也可以來咖啡廳喝咖啡！', '你知道哪裡有寵物友善的咖啡廳嗎？趕快帶著你的毛孩去享受下午茶吧！', '2023-02-01 14:12:10', '2023-02-02 16:55:00'),
(67, 'Jill', 9, '怎樣幫助寵物克服分離焦慮？', '寵物有時候也會出現分離焦慮，不要擔心，這裡有幾種方法可以幫助你的毛孩克服分離焦慮！', '2023-03-12 10:00:00', '2023-03-13 11:30:00'),
(68, 'Jenny', 10, '如何面對寵物的離世？', '當寵物離開人世時，主人該怎麼做？這裡有幾點小建議可以幫助你度過失去寵物的難關。', '2023-04-09 09:45:00', '2023-04-10 14:20:00'),
(69, 'Shu yi', 11, '養狗或養貓？如何選擇適合自己的寵物？', '在養寵物之前，應該先了解自己的生活方式和時間安排，才能選擇適合自己的狗或貓。', '2023-05-03 17:30:00', '2023-05-04 10:10:00'),
(70, 'Gabrielle', 10, '與寵物告別的十個方式', '飼主們都不希望看到自己的毛孩離開，但總有一天他們會離開我們。如何在最後的時刻好好告別，更能讓彼此心中有個了結。以下介紹十個告別方式，讓你們與毛孩在生命盡頭也能有美好的結局。', '2023-05-02 16:12:09', '2023-05-03 10:20:33'),
(71, 'Lilian', 11, '如何訓練狗狗不叫', '有些狗狗的叫聲太過嘈雜，不僅影響周圍鄰居，也常常讓飼主感到困擾。不過其實教育狗狗不要叫是可以成功的，以下提供一些方法，幫助你訓練你的狗狗，不再亂叫。', '2023-04-23 08:40:15', '2023-05-05 14:32:22'),
(72, 'Lilian', 11, '如何訓練幼貓不上沙發', '幼貓常常不聽話，尤其是訓練牠們不上沙發更是困難重重。其實，要訓練幼貓不上沙發，重點是要找到幼貓的喜好點，讓牠們愛上自己的窩，避免在沙發上睡覺。詳細的訓練方式可以參考網路上的相關資源。', '2023-01-01 12:34:56', '2023-01-02 10:22:35'),
(73, 'Jenny', 12, '如何照顧老年犬', '老年犬的健康狀況比年輕犬隻更需要關注，因此照顧老年犬需要更加細心和注意。應當適當調整老年犬的飲食和運動，並且定期帶牠們到寵物醫院檢查，以及及時處理老年犬出現的健康問題。', '2023-02-05 09:17:23', '2023-02-06 11:53:42'),
(74, 'Lily', 13, '一窺寵物美容店的日常', '美容對於寵物的健康與幸福十分重要，然而寵物美容店的日常工作其實並不是那麼容易。在這裡，你需要掌握基本的美容技能，了解寵物的需求和特點，並與主人保持良好的溝通。除此之外，你還需要保持清潔和衛生，保障寵物在舒適的環境下進行美容。', '2023-03-12 14:27:11', '2023-03-14 08:45:20'),
(75, 'Gabrielle', 11, '幼犬訓練必學！三招讓你的小狗乖乖聽話', '你的小狗常常亂叫、隨地大小便，不乖巧又淘氣嗎？不用擔心，只要掌握這三招訓練方式，讓你的小狗馬上變乖乖聽話！\n第一招：正確的口令訓練\n第二招：專注力訓練\n第三招：社交化訓練', '2023-03-20 10:25:16', '2023-03-21 15:30:08'),
(76, 'Jill', 12, '如何照顧老狗的身體健康', '老狗身體漸漸變差，這個時候主人們必須更加注意他們的健康問題。在老狗的生活中，有許多小細節需要主人們關注。\n第一個細節：飲食\n第二個細節：運動\n第三個細節：身體檢查', '2023-02-15 08:55:21', '2023-02-16 16:42:11'),
(77, 'Lilian', 13, '哈士奇梗圖合集', '哈士奇是一種非常受歡迎的寵物犬種，它們機靈聰穎，活潑好動。以下是一些哈士奇的梗圖，讓你在忙碌的生活中放鬆一下，開心一整天！', '2023-01-28 13:10:45', '2023-01-29 09:20:03'),
(78, 'Lilian', 7, '寵物學校招生公告', '寵物學校即將開學，歡迎寵物主人們帶著您的毛孩一同來學習，我們提供專業、貼心的課程，讓您的寵物學有所成！', '2023-02-05 13:42:00', '2023-02-06 16:23:00'),
(79, 'Jenny', 7, '寵物訓練班開課了！', '寵物訓練班開課了！讓您的寵物學會基本的訓練，從而增加與您的互動，建立更深厚的感情，歡迎踴躍報名！', '2023-04-15 09:30:00', '2023-04-16 11:18:00'),
(80, 'Jill', 8, '寵物友善餐廳推薦', '在這裡推薦一家寵物友善餐廳，餐廳提供寵物專屬餐點，讓您的毛孩也能享受美食的同時，一同度過美好的時光！', '2023-03-10 16:55:00', '2023-03-12 09:02:00'),
(81, 'Lily', 9, '怎麼樣才能讓毛孩健康成長？', '關於寵物的照護，除了基本的飲食與日常護理外，還有許多需要注意的地方，例如定期檢查身體、打疫苗、注意寵物心理健康等等，快來看看這篇文章，一起為毛孩的健康成長努力吧！', '2023-02-25 10:20:00', '2023-02-26 14:07:00'),
(82, 'Gabrielle', 10, '如何適當地處理寵物過世？', '寵物是人們生活中的重要伙伴，當牠們離開人們的生命時，往往會帶來無法言喻的傷痛，但是我們仍然需要面對這個現實，本篇文章介紹了一些適當的處理方式，希望能幫到大家。', '2023-05-01 14:10:00', '2023-05-05 14:07:00'),
(83, 'Lily', 11, '小貓貓的練習時間', '小貓貓在成長過程中需要充足的睡眠和運動，才能保持健康成長。適當的練習時間也能增加貓咪的活力，以下是小貓貓的練習時間參考。\n第一個時間：早上\n第二個時間：下午\n第三個時間：晚上', '2023-05-01 11:45:27', '2023-05-02 16:05:55'),
(84, 'Jill', 12, '老年犬飲食小撇步', '隨著犬隻年齡增長，飲食也需要作出相應的調整。例如可增加富含葡萄糖胺、軟骨素等成分的狗糧，幫助維持關節健康，避免關節疾病的發生。此外，應避免餵食高熱量、高脂肪、高鈉、高蛋白等食物，以免導致肥胖、腎臟負擔過重等問題。', '2023-02-01 10:23:45', '2023-02-02 15:34:12'),
(85, 'Jenny', 12, '老年貓常見疾病', '老年貓常見的疾病包括腎臟病、心臟病、糖尿病、甲狀腺功能亢進等。貓咪的健康狀況隨著年齡增長而逐漸下降，因此需要定期檢查身體健康狀況，注意餵食，合理餵食含有維生素、礦物質、蛋白質等必要營養成分的食物，避免營養過剩。如果發現貓咪有不適，應及時帶去寵物醫院進行治療。', '2023-03-07 14:56:21', '2023-03-08 11:23:32'),
(86, 'Shu yi', 12, '老犬常見疾病', '老年犬常見的疾病包括關節炎、骨質疏鬆、白內障、肝臟病、膀胱炎等。狗隻在老年時，身體功能逐漸衰退，因此需要加強照護，注意餵食營養均衡的食物，適當進行運動，幫助保持身體健康。此外，也需要定期檢查身體狀況，發現問題及時治療。', '2023-03-10 14:56:21', '2023-03-14 11:23:32'),
(87, 'Lilian', 6, '我的毛孩是個美食家', '我的毛孩最愛吃的是烤雞腿，每當有我們的晚餐，它總是在我們身旁盯著烤雞腿的方向看，看起來很可愛呢！', '2023-04-26 12:24:16', '2023-05-10 09:35:43'),
(88, 'Jenny', 7, '如何選擇適合自己毛孩的學校？', '每個毛孩的性格和習慣都不一樣，選擇適合自己毛孩的學校是很重要的，這篇文章將為大家介紹如何選擇適合自己毛孩的學校，希望能對大家有所幫助。', '2023-02-14 09:30:12', '2023-05-02 11:15:20'),
(89, 'Gabrielle', 8, '寵物友善餐廳推薦', '想帶著毛孩外出用餐卻不知道去哪裡？這篇文章將為大家推薦數家寵物友善餐廳，讓您和毛孩一起享用美食的時光！', '2023-01-21 15:40:05', '2023-05-09 16:22:48'),
(90, 'Jill', 9, '應該如何保養寵物毛髮？', '每個毛孩都想要擁有一頭美麗的毛髮，但如何保養毛孩的毛髮卻是很多家長不知道的問題。這篇文章將為大家介紹如何保養寵物毛髮，讓毛孩擁有一頭健康美麗的毛髮！', '2023-03-10 10:55:30', '2023-05-12 11:15:20'),
(91, 'Liliy', 6, '大會派對邀請函', '大家好，這裡是寵物愛好者聚集的地方，我們要舉辦一場大型派對，歡迎您和您的毛孩一起參加！這裡有美食、音樂和許多有趣的活動，讓您和您的寶貝度過一個難忘的夜晚。不要猶豫，快來加入我們吧！', '2023-03-02 10:30:00', '2023-03-02 12:30:00'),
(92, 'Shu yi', 7, '秋季課程開始囉！', '各位寵物主人們，我們的秋季課程即將開始了！這裡有專業的教練，能夠為您的寶貝提供最好的訓練，讓牠們變得更加聽話和懂事。我們的課程包括基本訓練、進階訓練、特殊技能訓練等，您可以根據您的需求選擇適合的課程。歡迎來電詢問，我們隨時為您服務！', '2023-04-15 14:00:00', '2023-04-16 14:00:00'),
(93, 'Lilian', 8, '新上市的寵物餐廳', '各位寵物主人們，我們有一家新上市的寵物餐廳，提供美味可口的寵物餐點，絕對讓您的寶貝開心滿足！我們的餐廳裝潢舒適、氣氛愉快，您可以和您的毛孩一起在這裡享受美食。除了餐點外，我們還有許多有趣的活動，例如狗狗聚會、寵物時裝秀等，歡迎大家前來參加！', '2023-02-25 09:30:00', '2023-02-26 09:30:00'),
(94, 'Jenny', 8, '寵物餐廳推薦', '最近去了一家寵物友善的餐廳，環境非常舒適，而且菜單也很豐富，有許多為寵物準備的美食，讓毛孩也可以一起享受美味。推薦給各位飼主們！', '2023-04-12 10:32:45', '2023-04-12 11:20:30'),
(95, 'Jill', 12, '老犬護理建議', '老犬的身體功能逐漸衰退，需要更多的護理。建議飼主們可以多給老犬按摩，定期檢查身體狀況，控制飼料攝取量，適當增加運動時間，以維護老犬的健康。', '2023-05-02 13:45:21', '2023-05-03 09:12:02'),
(96, 'Lilian', 11, '狗狗訓練技巧', '狗狗在成長過程中需要進行訓練，讓牠們學會基本的禮儀和指令。建議飼主們可以使用正面的強化方法，例如給予獎勵和讚美，以增強狗狗的學習動機，同時也可以避免使用過於嚴厲的懲罰方式，以免影響狗狗的情緒和行為。', '2023-03-15 08:23:12', '2023-03-16 14:09:20'),
(97, 'Jenny', 6, '我的金毛兒子', '這是我家的金毛，他很聰明、活潑好動，也很喜歡撒嬌，是我最好的朋友，希望大家也能好好疼愛你們的毛孩！', '2023-02-01 10:30:00', '2023-02-02 15:45:00'),
(98, 'Jill', 8, '推薦一家狗狗友善的餐廳', '最近發現了一家非常狗狗友善的餐廳，不僅提供寵物專屬菜單，也有專門的寵物區域，環境舒適寬敞，適合帶著毛孩共享美食！', '2023-04-15 14:00:00', '2023-04-16 10:30:00'),
(99, 'Lily', 8, '推薦一家狗狗友善的餐廳', '最近發現了一家非常狗狗友善的餐廳，不僅提供寵物專屬菜單，也有專門的寵物區域，環境舒適寬敞，適合帶著毛孩共享美食！', '2023-04-15 14:00:00', '2023-04-16 10:30:00'),
(100, 'Gabrielle', 9, '注意！春夏季毛孩防曬重要', '隨著氣溫升高，曬黑的季節即將到來，但是大家不要忘記你的毛孩也需要防曬，以避免曬傷和皮膚發炎，特別是白色的毛孩更要注意！', '2023-05-02 13:45:00', '2023-05-03 09:10:00'),
(107, 'Gabrielle', 3, '最佳旅遊目的地：寵物友善的天堂', '無論是長途旅行還是短暫的週末旅遊，帶著您的毛茸茸好朋友一起去寵物友善的景點是一個絕佳的選擇。以下是一些受歡迎的寵物友善景點，這些地方提供舒適的住宿、寬敞的戶外區域和特別設計的活動，讓您的寵物也能享受愉快的假期。', '2023-05-15 11:54:40', '2023-05-16 11:54:40'),
(108, 'Gabrielle', 3, '追尋自然之美：寵物友善的郊區公園', '如果您想與寵物一同享受大自然的美景，寵物友善的郊區公園是您的理想選擇。這些公園通常提供大片草地供您的寵物奔跑、散步小徑讓您倆一同探索，還可能有專門設置的寵物遊樂區和飲水站，讓您的寵物能夠在安全和舒適的環境中盡情玩耍。', '2023-05-15 11:54:41', '2023-05-16 11:54:41'),
(109, 'Lilian', 3, '歷史與文化之旅：寵物友善的博物館與遺址', '想要結合寵物友善的旅行與文化體驗嗎？一些博物館和古蹟提供了寵物友善的參觀政策，讓您的寵物可以與您一同欣賞歷史的壯麗和文化的豐富。請確保您遵守相應的規定，並注意您的寵物在這些特殊場所的行為與舒適度。', '2023-05-15 11:54:42', '2023-05-16 16:54:42'),
(110, 'Jenny', 3, '沿海度假勝地：寵物友善的海灘和渡假村', '無論是與您的寵物一同沐浴陽光，還是在沙灘上散步，寵物友善的海灘和渡假村是您與毛孩度過難忘假期的理想場所。許多沿海度假勝地提供寵物友善的住宿選擇，並且一些海灘還設有專用的寵物區域，讓您的寵物可以自由奔跑和與其他寵物互動。', '2023-05-15 11:54:42', '2023-05-16 11:54:42'),
(111, 'Lilian', 3, '城市探險：寵物友善的公園和咖啡廳', '如果您身處城市，也有許多寵物友善的選擇供您探索。城市公園通常提供寵物友善的區域，讓您的寵物可以與其他狗狗玩耍。此外，越來越多的咖啡廳也歡迎您攜帶寵物前來享用美食和飲品。在這些場所，您可以與您的寵物共度美好時光，同時還能體驗城市的活力和文化。', '2023-05-15 11:54:42', '2023-05-16 11:54:42'),
(160, 'Gabrielle', 7, '哈嚕哈哈哈', 'su3odjiehphe', '2023-05-17 10:02:19', '2023-05-17 10:02:19'),
(161, 'Jenny', 6, '哈嚕哈哈哈', '8c c8 c8 8c 8c 8c', '2023-05-17 10:10:58', '2023-05-17 10:10:58'),
(162, 'Jenny', 5, '哈嚕哈哈哈', 'c8 8c 8c 8c 8c', '2023-05-17 10:13:31', '2023-05-17 10:13:31'),
(163, 'Jenny', 4, '哈嚕哈哈哈', 'c8 8c 8c 8c8 c8 ', '2023-05-17 10:21:41', '2023-05-17 10:21:41'),
(164, 'Jenny', 5, '哈嚕哈哈哈', 'ejr pff[pw4gi', '2023-05-17 10:23:28', '2023-05-17 10:23:28'),
(165, 'Lily', 4, '哈嚕哈哈哈', 'c8 c8 c8 8c 8c c c', '2023-05-17 10:26:17', '2023-05-17 10:26:17'),
(166, 'Shu yi', 13, '哈嚕哈哈哈', '看圖片', '2023-05-17 10:31:03', '2023-05-17 10:31:03'),
(167, 'Jill', 11, '哈嚕哈哈哈', '哈哈哈哈哈哈', '2023-05-17 10:32:43', '2023-05-17 10:32:43'),
(168, 'Jill', 11, '哈嚕哈哈哈', '哈哈哈哈哈哈', '2023-05-17 10:36:41', '2023-05-17 10:36:41'),
(169, 'Gabrielle', 13, '看是不是name也行', '看是不是name也行', '2023-05-17 10:39:50', '2023-05-17 10:39:50'),
(170, 'Gabrielle', 13, '看是不是name也行', '看是不是name也行2', '2023-05-17 10:41:54', '2023-05-17 10:41:54');

-- --------------------------------------------------------

--
-- Table structure for table `post_list_member`
--

CREATE TABLE `post_list_member` (
  `post_sid` int(11) NOT NULL COMMENT '文章編號',
  `member_sid` varchar(255) CHARACTER SET utf8mb4 NOT NULL COMMENT '會員編號 (FK from 會員中心)',
  `board_sid` int(11) NOT NULL COMMENT '看板編號 (FK from 看板分類)',
  `post_title` varchar(255) CHARACTER SET utf8mb4 NOT NULL COMMENT '文章標題',
  `post_content` varchar(255) CHARACTER SET utf8mb4 NOT NULL COMMENT '文章內容',
  `post_date` datetime NOT NULL COMMENT '貼文日期',
  `post_type` varchar(20) CHARACTER SET utf8mb4 NOT NULL COMMENT '文章類型 (區分人的文章跟毛孩的日記:   \r\n\r\n人的文章P01/\r\n毛孩日記P02)',
  `pet_sid` int(11) DEFAULT NULL COMMENT '毛孩編號 (FK from 毛孩列表)',
  `update_date` datetime DEFAULT NULL COMMENT '更新日期'
) ENGINE=InnoDB DEFAULT CHARSET=utf8;

--
-- Dumping data for table `post_list_member`
--

INSERT INTO `post_list_member` (`post_sid`, `member_sid`, `board_sid`, `post_title`, `post_content`, `post_date`, `post_type`, `pet_sid`, `update_date`) VALUES
(53, 'MEM001', 2, '哈嚕哈哈哈', '1111', '2023-05-10 16:17:06', '1', 8, NULL),
(54, 'MEM001', 3, '哈嚕哈哈哈', '1111', '2023-05-10 16:20:26', '1', 8, NULL);

-- --------------------------------------------------------

--
-- Table structure for table `rest_book`
--

CREATE TABLE `rest_book` (
  `book_sid` int(11) NOT NULL,
  `rest_sid` int(11) NOT NULL,
  `ptype` varchar(255) COLLATE utf8mb4_unicode_ci NOT NULL COMMENT '0貓1小狗2中狗3大狗',
  `time` time NOT NULL,
  `date` date NOT NULL,
  `member_id` int(11) NOT NULL,
  `created_at` datetime NOT NULL
) ENGINE=InnoDB DEFAULT CHARSET=utf8mb4 COLLATE=utf8mb4_unicode_ci;

-- --------------------------------------------------------

--
-- Table structure for table `rest_catg`
--

CREATE TABLE `rest_catg` (
  `catg_sid` int(11) NOT NULL,
  `catg_name` varchar(255) CHARACTER SET utf8mb4 NOT NULL
) ENGINE=InnoDB DEFAULT CHARSET=utf8mb4 COLLATE=utf8mb4_unicode_ci;

--
-- Dumping data for table `rest_catg`
--

INSERT INTO `rest_catg` (`catg_sid`, `catg_name`) VALUES
(1, '早午餐'),
(2, '下午茶'),
(3, '日式料理'),
(4, '韓式料理'),
(5, '咖啡和茶'),
(6, '火鍋'),
(7, '燒烤'),
(8, '中式料理'),
(9, '美式料理'),
(10, '義式料理'),
(11, '東南亞料理'),
(12, '餐酒館/酒吧'),
(13, '冰品');

-- --------------------------------------------------------

--
-- Table structure for table `rest_cmt`
--

CREATE TABLE `rest_cmt` (
  `m_sid` int(11) NOT NULL,
  `rest_sid` int(11) NOT NULL,
  `cmt_evnt` int(11) NOT NULL COMMENT '環境評價',
  `cmt_food` int(11) NOT NULL COMMENT '食物評價',
  `cmt_service` int(11) NOT NULL COMMENT '服務評價',
  `cmt_cp` int(11) NOT NULL COMMENT 'cp評價',
  `creatd_at` datetime NOT NULL
) ENGINE=InnoDB DEFAULT CHARSET=utf8mb4 COLLATE=utf8mb4_unicode_ci;

-- --------------------------------------------------------

--
-- Table structure for table `rest_c_rr`
--

CREATE TABLE `rest_c_rr` (
  `rest_sid` int(11) NOT NULL COMMENT '餐廳編號',
  `r_sid` int(11) NOT NULL COMMENT '規則編號'
) ENGINE=InnoDB DEFAULT CHARSET=utf8mb4 COLLATE=utf8mb4_unicode_ci;

--
-- Dumping data for table `rest_c_rr`
--

INSERT INTO `rest_c_rr` (`rest_sid`, `r_sid`) VALUES
(1, 1),
(1, 3),
(1, 4),
(2, 4),
(2, 8),
(3, 4),
(3, 5),
(4, 3),
(4, 4),
(5, 2),
(5, 3),
(6, 1),
(6, 3),
(7, 3),
(7, 4),
(7, 5),
(8, 3),
(8, 4),
(8, 5),
(9, 3),
(9, 4),
(10, 4),
(10, 5),
(11, 1),
(11, 4),
(11, 5),
(12, 4),
(12, 8),
(13, 4),
(13, 8),
(14, 1),
(14, 3),
(14, 5),
(15, 3),
(15, 4),
(16, 3),
(16, 4),
(16, 5),
(17, 3),
(17, 4),
(17, 5),
(18, 2),
(18, 3),
(18, 4),
(19, 1),
(19, 4),
(19, 5),
(20, 4),
(20, 6),
(20, 8),
(21, 4),
(21, 6),
(22, 4),
(22, 6),
(22, 8),
(23, 2),
(23, 4),
(23, 6),
(23, 8),
(24, 1),
(24, 3),
(24, 5),
(25, 1),
(25, 3),
(25, 5),
(26, 4),
(26, 6),
(26, 8),
(27, 3),
(27, 5),
(28, 3),
(28, 4),
(29, 4),
(29, 6),
(29, 8),
(30, 4),
(30, 6),
(31, 4),
(31, 5),
(32, 4),
(32, 6),
(33, 4),
(33, 6),
(34, 5),
(34, 6),
(36, 2),
(36, 6);

-- --------------------------------------------------------

--
-- Table structure for table `rest_c_rs`
--

CREATE TABLE `rest_c_rs` (
  `rest_sid` int(11) NOT NULL COMMENT '餐廳編號',
  `s_sid` int(11) NOT NULL COMMENT '服務編號'
) ENGINE=InnoDB DEFAULT CHARSET=utf8mb4 COLLATE=utf8mb4_unicode_ci;

--
-- Dumping data for table `rest_c_rs`
--

INSERT INTO `rest_c_rs` (`rest_sid`, `s_sid`) VALUES
(1, 1),
(1, 10),
(2, 2),
(2, 3),
(2, 8),
(3, 1),
(3, 2),
(3, 3),
(4, 2),
(4, 3),
(4, 6),
(5, 3),
(6, 4),
(6, 5),
(7, 4),
(7, 5),
(8, 4),
(8, 5),
(9, 1),
(10, 3),
(10, 6),
(10, 10),
(11, 3),
(12, 1),
(12, 2),
(12, 3),
(13, 1),
(13, 3),
(14, 1),
(15, 1),
(15, 3),
(16, 1),
(17, 3),
(17, 4),
(17, 5),
(18, 1),
(18, 3),
(18, 6),
(18, 11),
(19, 1),
(20, 1),
(20, 3),
(20, 7),
(20, 9),
(21, 3),
(21, 11),
(22, 3),
(22, 8),
(22, 9),
(22, 11),
(23, 3),
(23, 9),
(23, 11),
(24, 1),
(24, 3),
(25, 1),
(26, 1),
(26, 2),
(26, 3),
(27, 3),
(28, 1),
(29, 1),
(29, 9),
(30, 1),
(30, 11),
(31, 1),
(31, 11),
(32, 1),
(32, 3),
(32, 11),
(33, 1),
(33, 10),
(34, 1),
(34, 2),
(36, 1),
(36, 2),
(36, 3);

-- --------------------------------------------------------

--
-- Table structure for table `rest_img`
--

CREATE TABLE `rest_img` (
  `rest_sid` int(11) NOT NULL COMMENT '餐廳編號',
  `img_sid` int(11) NOT NULL COMMENT '圖片編號',
  `img_name` varchar(255) CHARACTER SET utf8mb4 NOT NULL COMMENT '圖片名稱'
) ENGINE=InnoDB DEFAULT CHARSET=utf8mb4 COLLATE=utf8mb4_unicode_ci;

--
-- Dumping data for table `rest_img`
--

INSERT INTO `rest_img` (`rest_sid`, `img_sid`, `img_name`) VALUES
(1, 1, 'e6eef9eb124e678343b7677a59cd5a4ad5c60a21.jpg'),
(2, 2, '9770b47ce1639b12ccf42deafa16f906e36d7590.jpg'),
(3, 3, 'e2a36c046d2be2b406f7adb5e0dc868bb6d95fab.jpg'),
(4, 4, '696be2707b303ac64104719701393ec1b28ce144.jpg'),
(5, 5, '5ea130ff97f230d54f0e2d431c994f4b724f37bd.jpg'),
(6, 6, '5dfb2c1bdb7fae3cadbec3474d6f1726b8604566.jpg'),
(7, 7, 'efc8d241d722e64f908c0fcb9c85e9537b141bd0.jpg'),
(8, 8, '9d693889da4311976dd26220e7fdcbfbe04b2f92.jpg'),
(9, 9, '5d033f445be88030207bb88713d52af219188640.jpg'),
(10, 10, '304b7913f49e15cd2dc05203dab9cf22c6bd291a.jpg'),
(11, 11, '5f255a577f22a46c862e640ab388b26cc43bd3f3.jpg'),
(12, 12, '69e07d479c6493b4715768dd96d175265b197ac3.jpg'),
(13, 13, 'c75b1ef7f2ede9213fe9b7cbc38334ddb7c0ccbb.jpg'),
(14, 14, '3d8f8b1cb61688d61f86cd5590d1dc889a7b6b8b.jpg'),
(15, 15, 'baf92dc540ae2efd26e11a64951901c7afb70133.jpg'),
(16, 16, '56893aae5168fd7b32f764f521d17b50cc9ee165.jpg'),
(17, 17, 'b552cdd0d2d72c99be3836d39c727af5adf6084f.jpg'),
(18, 18, 'ae334a17687f2cafadc6aa22ae32d46b4cfb3956.jpg'),
(19, 19, '1fa913dd67af4314ee47e4d519bad038604a11e5.jpg'),
(20, 20, 'fb0fcd2c7cef08ec86cafd7a109dea32d4f75fa1.jpg'),
(21, 21, '7923a51ded2bb171462f2bf9db424a2199d2b843.jpg'),
(22, 22, '11f0e19cf0d2a9ed005e3d768ebc4331c725ffb6.jpg'),
(23, 23, '46aa345b933694e4eeddb162488e980ba4b8de84.jpg'),
(24, 24, '517b9002dfaa1a9c8484873d5c7892aad24a69d5.jpg'),
(25, 25, '0f1dd4a6a7de106da5546b0002d4aaad2823dc3f.jpg'),
(26, 26, 'c27a66896e7aca1fa50eaa7bdadaec46f66a8090.jpg'),
(27, 27, '51bb29789ea42fa68730d9ef2034a71d90417b59.jpg'),
(28, 28, 'd27cb81c9369fb2c103617f969ee631f42fd3679.jpg'),
(29, 29, '0d897bdd604b39beefe4b7a091e958230569b051.jpg'),
(30, 30, 'e8f9ebadf7a3ebfa2bc951d2fd26ccd3336136be.jpg'),
(31, 31, '4bf1b32e648b2b37c163095e6906861d6c556f3e.jpg'),
(32, 32, '2e336e5a346a28b88547693a0b9e67c62a541f04.jpg'),
(33, 33, 'a54ecbe38b300be01c0b5566945364458a9e405d.jpg'),
(34, 34, 'a6cd06f94db141fa5ed38a837850968abfd75dfd.jpg'),
(35, 35, ''),
(36, 36, '1d2fcbf74e40bb17737d55287462a9f6a621846f.jpg');

-- --------------------------------------------------------

--
-- Table structure for table `rest_info`
--

CREATE TABLE `rest_info` (
  `rest_sid` int(11) NOT NULL COMMENT '餐廳編號',
  `catg_sid` int(11) DEFAULT NULL COMMENT '餐廳類別編號',
  `rest_name` varchar(255) CHARACTER SET utf8mb4 NOT NULL COMMENT '餐廳名稱',
  `rest_phone` varchar(255) CHARACTER SET utf8mb4 NOT NULL COMMENT '餐廳電話',
  `rest_address` varchar(255) CHARACTER SET utf8mb4 NOT NULL COMMENT '餐廳地址',
  `rest_info` varchar(255) CHARACTER SET utf8mb4 NOT NULL COMMENT '餐廳介紹',
  `rest_notice` varchar(255) CHARACTER SET utf8mb4 DEFAULT NULL COMMENT '注意事項',
  `rest_menu` varchar(255) COLLATE utf8mb4_unicode_ci DEFAULT NULL COMMENT '菜單',
  `rest_f_title` varchar(255) CHARACTER SET utf8mb4 DEFAULT NULL COMMENT '特色標題',
  `rest_f_ctnt` varchar(255) CHARACTER SET utf8mb4 DEFAULT NULL COMMENT '特色內容',
  `rest_f_img` varchar(255) CHARACTER SET utf8mb4 DEFAULT NULL COMMENT '特色圖片',
  `date_start` date NOT NULL COMMENT '開始日期',
  `date_end` date DEFAULT NULL COMMENT '結束日期',
  `m_start` time NOT NULL COMMENT '早上開始時間',
  `m_end` time DEFAULT NULL COMMENT '早上結束時間',
  `e_start` time DEFAULT NULL COMMENT '下午開始時間',
  `e_end` time DEFAULT NULL COMMENT '下午結束時間',
  `n_start` time DEFAULT NULL COMMENT '晚上開始時間',
  `n_end` time NOT NULL COMMENT '晚上結束時間',
  `p_max` varchar(255) CHARACTER SET utf8mb4 NOT NULL COMMENT '人數上限',
  `pt_max` varchar(255) CHARACTER SET utf8mb4 NOT NULL COMMENT '寵物上限',
  `ml_time` varchar(255) CHARACTER SET utf8mb4 DEFAULT NULL COMMENT '用餐時間(0:60,1:90,2:120)',
  `weekly` varchar(255) CHARACTER SET utf8mb4 DEFAULT NULL COMMENT '星期(0,1,2,3,4,5,6)',
  `created_at` datetime NOT NULL
) ENGINE=InnoDB DEFAULT CHARSET=utf8mb4 COLLATE=utf8mb4_unicode_ci;

--
-- Dumping data for table `rest_info`
--

INSERT INTO `rest_info` (`rest_sid`, `catg_sid`, `rest_name`, `rest_phone`, `rest_address`, `rest_info`, `rest_notice`, `rest_menu`, `rest_f_title`, `rest_f_ctnt`, `rest_f_img`, `date_start`, `date_end`, `m_start`, `m_end`, `e_start`, `e_end`, `n_start`, `n_end`, `p_max`, `pt_max`, `ml_time`, `weekly`, `created_at`) VALUES
(1, 1, 'Toast Chat', '0227215661', '台北市大安區光復南路290巷58號1樓', '在與各式麵包的交談之中，我們找到了更美味的配方；利用不同的食材變化，重新來詮釋法式吐司。請與我們一同享受這嶄新的美味。', '', NULL, '工業風餐廳', '店內以簡單明亮的工業風為主，輕鬆不拘束的舒適感，座位沒有固定形式，左邊右邊中間各有個的特色', 'e2a81b30393210ef1109db0f3a1f84a12478355b.jpg', '2023-05-01', NULL, '12:00:00', NULL, NULL, NULL, NULL, '20:00:00', '30', '10', '90', '0,1,2,3,4,5,6', '2023-05-17 08:38:53'),
(2, 12, 'Yoh 曜日義式餐酒館', '027085910', '台北市大安區東豐街53號', '採極簡風設計的高級餐酒館，供應亞洲、義式和創意料理。', '', NULL, '正港的寵物友善餐廳', '要就做到真正的寵物友善餐廳，只要不以干擾客人為前提，毛小孩都可以不侷限僵困在寵物袋、或綁鏈牽制，可以自由落地之外，沒有規範只能帶貓狗等動物', 'b2822d6858d94d0908baaf5ca0798e273deea0c5.jpg', '2023-01-01', NULL, '11:30:00', NULL, NULL, NULL, NULL, '21:00:00', '32', '12', '120', '0,1,2,3,4,5,6', '2023-05-17 08:43:27'),
(3, 4, 'Woodid手作韓', '0227017739', '台北市大安區仁愛路四段300巷19弄6號', '「我們來吃手作韓食吧!」우리 我們、在Woodid有你有我', '若有生病情況不建議進入避免交叉感染', NULL, '各式各樣的韓式料理', '供應菜色以韓式鍋物定食為主，其他還有拌飯、煎餅、炸物、炒雜菜或炒肉類等等，也有適合不同人數用餐的雙人或多人套餐組合。', 'cc61fda7b4ca2f7a616954494478add9980b5f07.jpg', '2023-02-01', NULL, '12:00:00', '14:00:00', NULL, NULL, '17:00:00', '20:00:00', '24', '10', '90', '0,1,2,3,5,6', '2023-05-17 08:47:10'),
(4, 1, '益生寵愛寵物餐廳', '0227083289', '台北市大安區和平東路二段265巷7號', '可以跟心愛的毛小孩一起共享美味佳餚至於毛小孩最愛的鮮食點心，就是首推純手工製作的肉掌派，保證讓毛小孩好吃到吃手手，可以現場內用或購買回家開心享用', '', NULL, '毛小孩的遊樂場', '整個庭園都鋪上了綠油油的人工草皮，擁有戶外座位區、室內座位區，這是一個專屬於毛小孩的玩樂空間，來到這兒，毛小孩可以盡情玩耍、跑跑，記得點上一份毛小孩的創意餐點，再幫毛小孩裝扮一下，點了輕食，享受悠閒愜意的午後！！', '110b3c3470aa04278a7cd44940a95570c090addb.jpg', '2022-11-10', NULL, '10:30:00', NULL, NULL, NULL, NULL, '19:30:00', '25', '10', '120', '0,1,3,4,5,6', '2023-05-17 08:52:10'),
(5, 5, 'PS BUBU 金屋藏車食堂', '0228760698', '台北市士林區中山北路七段140巷1號', '金屋藏車食堂 PS BUBU位於天母地區汽車主題式餐廳店內以MINI車及老式金龜車為座位提供南加州義大利餐點~ 也是寵物友善環境，提供毛小孩精緻料理，讓您與愛犬能共度享受美食的歡樂時光', '', NULL, '金屋藏車', '復古的金龜車元素堆疊成整間店的容貌，美國各州的車牌、海報、扭蛋、還有美式復古的各類玩具等等，店內以MINI車及老式金龜車為座位，提供南加州義大利餐點', 'f1b1334e5cfa91127db1b32610d682c2b8d78646.jpg', '2023-05-01', NULL, '12:00:00', NULL, NULL, NULL, NULL, '21:00:00', '36', '16', '120', '0,1,3,4,5,6', '2023-05-17 08:57:13'),
(6, 6, '金咼涮涮鍋', '0226276327', '台北市內湖區港墘路108號', '設有簡單、整潔的舒適環境，質樸的裝潢，溫馨的氛圍，加上台式火鍋必備的自助吧，每個地方都充滿著您我熟知的感覺，用餐時特別自在，輕鬆享食，並提供豐富多元的餐點選擇，應有盡有的海鮮與肉品，米飯、麵食等主食，以及無限供應的小菜、飲料、冰淇淋，為您帶來最佳的美食體驗，保證滿意、盡興而歸！', '', NULL, '', '', '', '2023-03-01', NULL, '12:00:00', NULL, NULL, NULL, NULL, '21:00:00', '30', '12', '60', '0,1,2,4,5,6', '2023-05-17 09:00:16'),
(7, 7, '金烤盃', '0226591212', '台北市內湖區江南街96巷7號', '想吃烤肉不想動手\r\n快來《金烤盃》!!!!!\r\n超友善寵物餐廳~\r\n提供毛孩餐點乙份', '', NULL, '', '', '', '2023-03-17', NULL, '11:30:00', '14:00:00', NULL, NULL, '17:00:00', '23:00:00', '40', '12', '90', '0,2,3,4,5,6', '2023-05-17 09:03:25'),
(8, 6, '養鍋Yang Guo石頭涮涮鍋', '0223969909', '台北市中正區寧波西街81號', '養鍋精神 本持著 養滋胃 品鮮味 食尚鮮\r\n一鍋の堅持造就\r\n一鍋の熱情成就\r\n一鍋の生活滿足\r\n一鍋の溫度溫暖', '', NULL, '我們是一份普通の個人平價火鍋，但這平凡の火鍋中品嚐出我們的用心！', '火鍋的不僅僅是美食，也蘊含著每道食材能帶來什麼不一樣的故事。\r\n真心及細心在食材上看不到任何不健康且廉價的食材，\r\n都是滿滿且份量十足的火鍋。\r\n讓你好好養一下『溫暖心、溫暖胃、食鍋趣』。', '0271afab70ece265bd0a3e04ab80cbd72b3dfdbc.jpg', '2023-05-17', NULL, '11:00:00', '14:30:00', NULL, NULL, '17:00:00', '22:30:00', '34', '12', '90', '0,1,2,3,4,5,6', '2023-05-17 09:09:35'),
(9, 11, '面對面 Face to Face Noodle House', '0225171517', '台北市中山區錦州街310號', '面對面Face to Face Noodle House 座落在台北市台北市中山區， 為馬來西亞連鎖麵店規遍佈全馬三十間分店，而台灣為第一家海外直營店。', '', NULL, '', '', '', '2023-03-01', NULL, '11:30:00', '14:00:00', NULL, NULL, '17:45:00', '21:30:00', '30', '12', '60', '0,1,2,3,4,5,6', '2023-05-17 09:11:43'),
(10, 5, '兜味咖啡', '0225573169', '台北市大同區安西街36號', '大稻埕懷舊咖啡廳', '沒有禮貌帶店內有販售', NULL, '', '', '', '2023-05-17', NULL, '13:00:00', NULL, NULL, NULL, NULL, '21:00:00', '20', '6', '120', '0,1,2,5,6', '2023-05-17 09:14:50'),
(11, 12, 'NEKKO BAR 貓吧', '0227011511', '台北市大安區四維路14巷3號', 'Sake & Wine\r\n微醺空間—城市中的心靈庇護所', '', NULL, '', '', '', '2022-12-22', NULL, '18:00:00', NULL, NULL, NULL, NULL, '19:00:00', '24', '10', '90', '0,2,3,4,5,6', '2023-05-17 09:18:09'),
(12, 9, '樂野食', '0223888088', '台北市大安區敦化南路一段233巷56號', '從早晨的令人精神飽滿早午餐，下午優閒寧靜的下午茶時光、晚上下班聚會的輕鬆小酌、手工甜點、精心特調的輕食、還有主廚為素食者特製的蔬食系列，皆有樂野食用心的美味餐點陪伴', '寵物椅\r\n餐廳數量2張（IKEA兒童椅）\r\n有需要可以備註預訂。', NULL, '親子與寵物友善餐廳', '廳還規劃設置兒童遊憩區，讓有孩童的家長來此用餐，可以有稍微喘息的空間。不只是親子友善，同時也是寵物友善，寵愛毛小孩的朋友，不用擔心因攜帶寵物被拒於門外，餐廳特別拉開孩童和毛小孩的用餐區，讓大家都可以在樂野食與親朋好友同樂享受美食。', '76eda3efbebd043c1c054cf30dc8f4ea45929bb5.jpg', '2023-04-05', NULL, '11:00:00', NULL, NULL, NULL, NULL, '20:00:00', '28', '10', '90', '0,1,2,3,4,5,6', '2023-05-17 09:22:28'),
(13, 1, '艾迪瓦屋', '0223465395', '台北市信義區松德路227號', '貝果、肉桂捲、自製甜點、手沖咖啡、義式咖啡、輕食早午餐', '', NULL, '', '', '', '2023-05-06', NULL, '08:30:00', NULL, NULL, NULL, NULL, '17:30:00', '30', '12', '120', '0,2,3,4,5,6', '2023-05-17 09:24:29'),
(14, 9, '棧-直火廚房', '0287739938', '台北市大安區仁愛路四段345巷4弄4號', '直火料理X職人俱樂部X美食美酒\r\n直火料理＆肉類專門\r\n精釀啤酒', '', NULL, '炭烤手法', '特別自美國購買導熱快且蓄熱佳的黑鐵烤爐、底座以紅磚頭砌成、選用本地龍眼木及木炭碳烤，廚師上下移動烤架控溫，以高溫火烤鎖住肉汁，藉由木炭導火、龍眼木導煙燻，造就誘人烙痕與香氣。', '00cbab928942049a64f42e90e92878183a03c043.jpg', '2023-04-29', NULL, '12:00:00', '14:30:00', NULL, NULL, '16:00:00', '22:30:00', '38', '12', '120', '0,1,2,3,4,5,6', '2023-05-17 09:27:02'),
(15, 1, '父母＿FUMU', '0225185660', '台北市中山區興安街103號', '白天時段我們提供傳統英式早餐和早午餐，並提供有現磨義式咖啡。晚上我?', '', NULL, '為什麼叫父母', '我們開店的構想，是想把兩種截然不同的情境結合在同一個空間。白天是乾淨明亮的環境，搭配早午餐跟好喝的咖啡。晚上就在昏暗的燈光下，與親朋好友一起喝著酒，隨著音樂搖擺。而這兩種型態正好符合我們印象中的媽媽與爸爸。', '21b140abdccd30116a657e6575d46c76e6eb1c51.jpg', '2023-02-28', NULL, '10:00:00', NULL, NULL, NULL, NULL, '02:00:00', '40', '20', '120', '0,1,2,3,4,5,6', '2023-05-17 09:30:23'),
(16, 1, '苒冉小食光', '0227889639', '台北市南港區興中路28巷5號', '就在捷運、高鐵南港站附近，是間低調卻受附近居民、上班族歡迎的台北美食，咖啡廳不只有鹹口味飯食，還有肉桂捲、古早味雞蛋糕當做甜點下午茶', '', NULL, '', '', '', '2023-04-28', NULL, '11:00:00', NULL, NULL, NULL, NULL, '19:00:00', '24', '10', '120', '0,1,2,3,4,5,6', '2023-05-17 09:32:17'),
(17, 3, '陶膳日本料理', '0226511008', '台北市南港區園區街20號1樓', '陶膳日本料理為位於南港園區街上的日本料理店家，提供精緻無菜單料理、特色餐點與酒水。', '', NULL, '', '', '', '2023-05-10', NULL, '17:30:00', NULL, NULL, NULL, NULL, '00:00:00', '30', '20', '90', '0,2,3,4,5', '2023-05-17 09:34:09'),
(18, 9, 'A.K.12 美式小館', '0223610136', '台北市萬華區峨嵋街12號2樓', '西門町最強美式餐廳，提供漢堡、肋排、三明治等美式餐飲！', '', NULL, '', '', '', '2023-05-02', NULL, '12:00:00', '15:00:00', NULL, NULL, '16:00:00', '21:30:00', '40', '12', '120', '0,1,2,3,4,5,6', '2023-05-17 09:36:13'),
(19, 1, '光一肆號', '0223622211', '台北市大安區新生南路三段76巷2號', '設花園座位的溫馨餐廳，提供沙拉、義大利麵和法式吐司等美味早午餐。', '', NULL, '', '', '', '2022-10-10', NULL, '10:00:00', NULL, NULL, NULL, NULL, '18:00:00', '30', '12', '90', '0,1,2,3,4,5,6', '2023-05-17 09:38:20'),
(20, 1, 'Lazzy Cafe 寵物餐廳（附設寵物美容）', ' 0287800383', '台北市信義區光復南路419巷49號1樓', 'Lazzy Café是一間複合式咖啡廳，同時也是寵物友善餐廳，提供寵物餐食、寵物美容、寵物備品如睡墊等服務，店內空間很大，另設有投影幕，許多人會在此舉辦毛孩的慶生會。', '', NULL, '毛兒變裝秀', 'Lazzy的一大亮點就是有超大面的變裝牆，各式各樣的毛兒服飾可以盡情玩弄你的毛寶貝。不只有毛兒的衣服還有毛爸媽的派對帽可以玩，超適合找好朋友們一起來，來這裡辦各種節日的派對都能找到適合的衣服！', '94731daa6ffe128d874962f50d7503fbd72911b0.jpg', '2023-05-17', NULL, '11:00:00', NULL, NULL, NULL, NULL, '19:00:00', '35', '12', '90', '0,2,3,4,5,6', '2023-05-17 09:44:50'),
(21, 5, '他。植物咖啡 He Coffee', '0227476058', '台北市松山區八德路四段245巷52弄29號1樓', '隱身在都市中，充滿綠意的植物系寵物友善咖啡廳，環境明亮開闊、舒服放鬆，高人氣店狗會不定時出沒，體積龐大但性格溫馴', '', NULL, '店長｜人氣之王，溫馴大狗喜樂蒂——樂樂', '狗如其名，性格好溫馴，總是帶著笑臉， 徘徊笑著在每位咖啡廳的客人之間。 ', '3bf6d9483f7f84daaf77c8fc61b2fb04110861b1.jpg', '2022-09-30', NULL, '11:30:00', NULL, NULL, NULL, NULL, '22:00:00', '30', '10', '90', '0,1,2,3,4,5,6', '2023-05-17 09:52:31'),
(22, 1, '稻邸D.House', ' 0225577980', '台北市迪化街一段244號', '在大稻程裡的一處老宅邸，D.House稻邸，我們是一間寵物友善餐廳舒適的空間', '', NULL, '復古的室內環境', '古蹟老宅邸保留原貌，以帶有復古、現代感的桌椅佈置、綠意盎然的植栽、地景藝術創意畫家圖龍老師的3D立體幻視專業噴畫，將老宅與寵物完美的結合呈現，整個用餐空間活潑又靜謐的氛圍，看著每一桌客人帶著心愛的毛小孩來此用餐，享受浪漫的用餐氛圍！！', '28e7a31012f198920a127e05d73d84b2285790cf.jpg', '2023-05-03', NULL, '10:30:00', NULL, NULL, NULL, NULL, '19:00:00', '24', '10', '90', '0,1,2,3,4,5,6', '2023-05-17 10:03:32'),
(23, 10, '彼克蕾友善咖啡館', '0223676116', '台北市中正區辛亥路一段43巷6號', '彼克蕾～曾經的寵物友善餐廳擁有6年的美好回憶!阿牛～出自嘉義收容所的12公斤中型貴賓犬曾經受虐左眼失明!阿布～原本在路邊流浪斷了一隻腿！流浪過的阿牛與阿布現在都是我們家的寶貝', '', NULL, '', '', '', '2023-05-01', NULL, '14:00:00', NULL, NULL, NULL, NULL, '21:30:00', '26', '13', '90', '0,1,2,3,4,5', '2023-05-17 10:08:08'),
(24, 9, 'JB\'s Diner', '0228761588', '台北市士林區天玉街38巷16弄2號', 'JB’s Diner，店名是祖父祖母的英文名字縮寫(Judy & Bert)，店內有很多植栽點綴，空間很大，一樓是美國鄉村風，二樓是森林系的網美風', '', NULL, '', '', '', '2023-01-27', NULL, '08:00:00', NULL, NULL, NULL, NULL, '20:00:00', '20', '8', '90', '0,1,2,3,4,5,6', '2023-05-17 10:11:46'),
(25, 10, '不賴皮義式窯烤披薩', ' 0225160798', '台北市中山區錦州街385號', '自助式窯烤披薩餐廳', '', NULL, '', '', '', '2023-05-02', NULL, '11:30:00', NULL, NULL, NULL, NULL, '21:30:00', '32', '12', '90', '0,1,2,3,4,5,6', '2023-05-17 10:16:01'),
(26, 1, 'Become', '0227008200', '台北市大安區信義路四段30巷50弄3號,', '{彈性蔬食早午餐}\r\n讓蔬食者與葷食者ㄧ起共享的彈性蔬食brunch～Become為台?', '', NULL, '白色風格的室內設計', '純白色系玻璃屋空間簡約有質感，採光充足，韓系風格裝潢非常漂亮很適合拍照', '868fd8d6848031ffd72e720b4280f06739ae9cc9.jpg', '2023-04-16', NULL, '10:00:00', NULL, NULL, NULL, NULL, '17:30:00', '30', '12', '90', '0,1,2,3,4,5,6', '2023-05-17 10:23:52'),
(27, 12, 'CHOICE GELATO手工冰淇淋', '0225082508', '台北市中山區民權東路二段152巷5弄2號', '為了能讓客人選擇，CHOICE 決定讓自己沒得選擇，對於食材只選最新鮮的，對於製作只使用天然的產品， 讓客人的每一個選擇，都將會是最好的選擇!!', '', NULL, '特別的寵物冰淇淋', '常態性的口味有紅蘿蔔、蘋果、蓮霧等等，豐富的變化 天然水果加上些許的鮮奶比例，並且處理過去糖程序，就是純天然的狗狗冰淇淋', 'b2832620827579c2602219dceef3532fc24ae1ad.jpg', '2022-11-10', NULL, '12:00:00', NULL, NULL, NULL, NULL, '20:00:00', '30', '12', '90', '0,1,2,3,4,5,6', '2023-05-17 10:28:46'),
(28, 8, '四海木須麵', '0287718119', '台北市大安區安東街52號', '平價消費，高檔享受\r\n四海木須麵誠摯邀請您\r\n一同尋找巷弄美食！\r\nGO~~', '', NULL, '', '', '', '2023-05-01', NULL, '11:00:00', '14:00:00', NULL, NULL, '18:00:00', '21:30:00', '38', '12', '90', '1,2,3,4,5,6', '2023-05-17 10:33:01'),
(29, 5, '玩逗樹咖啡', '0965443992', '桃園市中壢區新中北路526號', '商業套餐、桌遊、啤酒、聚會包場和下午茶', '', NULL, '', '', '', '2023-01-05', NULL, '11:00:00', NULL, NULL, NULL, NULL, '23:30:00', '30', '10', '120', '0,1,2,3,4,5,6', '2023-05-17 10:37:17'),
(30, 7, '容燒居酒屋', '0227710121', '台北市松山區八德路二段366巷49號1樓', '寵物友善居酒屋\r\n狗狗來店拍照送串燒活動熱烈進行中', '', NULL, '', '', '', '2023-02-27', NULL, '18:00:00', NULL, NULL, NULL, NULL, '02:00:00', '24', '6', '120', '0,1,2,3,4,5,6', '2023-05-17 10:40:56'),
(31, 12, 'LANDO樂園酒吧', '0227977456', '台北市松山區敦化北路60巷19號1樓', '在夜幕低垂，夕陽餘暉之際，LANDO BAR悄悄亮起霓虹招牌，靜待您的二度光臨?', '', NULL, '', '', '', '2023-05-17', NULL, '18:00:00', NULL, NULL, NULL, NULL, '10:00:00', '20', '6', '90', '3,4,5,6', '2023-05-17 10:55:29'),
(32, 1, 'Haooyun Station 好運站', '0981345930', '台北市萬華區中華路二段416巷88號', '一起來跟店狗妹妹用餐吧!', '', NULL, '', '', '', '2023-03-17', NULL, '11:00:00', NULL, NULL, NULL, NULL, '18:00:00', '20', '8', '90', '0,1,2,4,5,6', '2023-05-17 11:05:21'),
(33, 1, '11 Cafe', '0287875891', '台北市信義區忠孝東路四段553巷12號', 'Since 2012寵物友善餐廳，創意義大利麵 精緻早午餐 美味鬆餅', '', NULL, '來找我們玩吧!!', '哥倆好~阿吉跟神經跟大家問好喔!', '7789cc29cf694779b188d640bc322bc7d9a45963.jpg', '2023-05-09', NULL, '11:30:00', NULL, NULL, NULL, NULL, '21:00:00', '22', '8', '90', '0,2,3,4,5,6', '2023-05-17 11:13:00'),
(34, 3, '千汌日本料理', ' 0423768658', '台中市西區存中街61巷1號', '明亮舒適的鄉村時尚風餐廳，供應現代風日式料理，並設有露台。', '', NULL, '專屬的寵物餐點', '千汌日本料理的老闆，是因為喜愛毛小孩而開立了這間寵物友善日料餐廳，且因為在乎毛小孩的飲食健康，而與寵物保健食品品牌『秭寵兒』合作，只要帶毛小孩來用餐，都可以吃得到秭寵兒的亞麻籽仁油。', '4524bacf0b98969041d51bf82198312eb1a0f2b5.jpg', '2023-05-01', NULL, '11:00:00', '14:00:00', NULL, NULL, '17:00:00', '21:30:00', '24', '10', '90', '0,1,2,3,4,5,6', '2023-05-17 11:22:19'),
(36, 6, '焣苑鍋物', ' 0222554123', '新北市板橋區民生路三段46號', '焣苑鍋物 Juyuan Hotpot，火部「焣」，艸部「苑」，個人小火鍋\r\n', '', NULL, '', '', '', '2023-05-02', NULL, '11:30:00', NULL, NULL, NULL, NULL, '21:30:00', '30', '10', '90', '0,1,2,3,4,5,6', '2023-05-17 11:27:54');

-- --------------------------------------------------------

--
-- Table structure for table `rest_menu`
--

CREATE TABLE `rest_menu` (
  `rest_sid` int(11) NOT NULL COMMENT '餐廳編號',
  `menu_sid` int(11) NOT NULL COMMENT '菜單編號',
  `menu_name` varchar(255) NOT NULL COMMENT '菜單名稱'
) ENGINE=InnoDB DEFAULT CHARSET=utf8mb4;

-- --------------------------------------------------------

--
-- Table structure for table `rest_rule`
--

CREATE TABLE `rest_rule` (
  `r_sid` int(11) NOT NULL COMMENT '規則編號',
  `r_name` varchar(255) CHARACTER SET utf8mb4 NOT NULL COMMENT '規則名稱'
) ENGINE=InnoDB DEFAULT CHARSET=utf8mb4 COLLATE=utf8mb4_unicode_ci;

--
-- Dumping data for table `rest_rule`
--

INSERT INTO `rest_rule` (`r_sid`, `r_name`) VALUES
(1, '需裝袋/籠'),
(2, '可上座椅'),
(3, '需牽繩'),
(4, '可落地'),
(5, '需尿布墊'),
(6, '可放繩'),
(7, '不能帶狗狗'),
(8, '可自由活動(不繫繩/可落地/奔跑)');

-- --------------------------------------------------------

--
-- Table structure for table `rest_svc`
--

CREATE TABLE `rest_svc` (
  `s_sid` int(11) NOT NULL COMMENT '服務編號',
  `s_name` varchar(255) CHARACTER SET utf8mb4 NOT NULL COMMENT '服務名稱'
) ENGINE=InnoDB DEFAULT CHARSET=utf8mb4 COLLATE=utf8mb4_unicode_ci;

--
-- Dumping data for table `rest_svc`
--

INSERT INTO `rest_svc` (`s_sid`, `s_name`) VALUES
(1, '免費水'),
(2, '免費食物'),
(3, '有賣食物'),
(4, '提供禮貌帶'),
(5, '提供尿布墊'),
(6, '販售寵物用品'),
(7, '寵物攝影棚'),
(8, '專屬包廂'),
(9, '可包場活動'),
(10, '有店貓'),
(11, '有店狗');

-- --------------------------------------------------------

--
-- Table structure for table `shop_cat`
--

CREATE TABLE `shop_cat` (
  `cat_sid` varchar(100) NOT NULL COMMENT '大類別編號',
  `catDet_sid` varchar(100) NOT NULL COMMENT '子類別編號',
  `catDet_num` int(11) NOT NULL COMMENT '子類別編號',
  `cat_name` varchar(100) NOT NULL COMMENT '大商品類別',
  `catDet_name` varchar(100) NOT NULL COMMENT '子商品類別'
) ENGINE=InnoDB DEFAULT CHARSET=utf8mb4;

--
-- Dumping data for table `shop_cat`
--

INSERT INTO `shop_cat` (`cat_sid`, `catDet_sid`, `catDet_num`, `cat_name`, `catDet_name`) VALUES
('F', 'CA', 2, '食品', '罐頭'),
('F', 'FE', 1, '食品', '飼料'),
('F', 'HE', 4, '食品', '保健'),
('F', 'SN', 3, '食品', '零食'),
('G', 'CL', 5, '用品', '清潔'),
('G', 'DR', 1, '用品', '服飾'),
('G', 'EA', 2, '用品', '餐具'),
('G', 'OD', 3, '用品', '外出用品'),
('G', 'OT', 6, '用品', '其他'),
('G', 'TO', 4, '用品', '玩具');

-- --------------------------------------------------------

--
-- Table structure for table `shop_com`
--

CREATE TABLE `shop_com` (
  `proCom_sid` int(11) NOT NULL COMMENT '商品評價編號',
  `seqNum` varchar(255) NOT NULL COMMENT '訂單明細序號(FK)',
  `proCom_date` datetime NOT NULL COMMENT '評價日期',
  `proCom_score` int(11) NOT NULL COMMENT '評價分數',
  `proCom_content` varchar(255) NOT NULL COMMENT '評價內容'
) ENGINE=InnoDB DEFAULT CHARSET=utf8mb4;

-- --------------------------------------------------------

--
-- Table structure for table `shop_pro`
--

CREATE TABLE `shop_pro` (
  `pro_sid` varchar(255) NOT NULL COMMENT '產品編號',
  `cat_sid` varchar(100) NOT NULL COMMENT '大類別編號(FK)(F 食品/  G 用品)',
  `catDet_sid` varchar(100) NOT NULL COMMENT '子類別編號(FK)(CA 飼料/ FE 罐頭/SN 零食/ HE 保健/\r\nDR 服飾/EA 餐具/OD 外出用品/ TO玩具/CL清潔/OT其他)',
  `sup_sid` int(11) NOT NULL COMMENT '供應商編號(FK)',
  `pro_for` varchar(100) NOT NULL COMMENT '適用對象(D狗/ C貓/ B皆可)',
  `pro_name` varchar(255) NOT NULL COMMENT '產品名稱',
  `pro_describe` varchar(255) NOT NULL COMMENT '產品描述',
  `pro_img` varchar(255) NOT NULL COMMENT '封面照片',
  `pro_onWeb` datetime NOT NULL COMMENT '上架日',
  `pro_update` datetime NOT NULL COMMENT '最新修改日',
  `pro_status` int(11) NOT NULL COMMENT '產品狀態(001 上架中/ 002下架中/003 不顯示)'
) ENGINE=InnoDB DEFAULT CHARSET=utf8mb4;

--
-- Dumping data for table `shop_pro`
--

INSERT INTO `shop_pro` (`pro_sid`, `cat_sid`, `catDet_sid`, `sup_sid`, `pro_for`, `pro_name`, `pro_describe`, `pro_img`, `pro_onWeb`, `pro_update`, `pro_status`) VALUES
('BFCA0001', 'F', 'CA', 5, 'B', '96%極品鮮肉老饕饗宴', '◆嚴選鮮美彈嫩肉質，濃郁的香氣加上清甜的肉汁\r\n◆油質與多汁的肉在舌尖上交融，連挑嘴貓都抵擋不住\r\n◆符合AAFCO/NRC營養標準\r\n◆無穀物無膠，不含毒雙酚A\r\n◆犬貓適用\r\n\r\n注意:上層受熱溫度較高造成色差此為褐化，為正常現象請安心食用', '1dcc80e25768c5d2bab42ff15901db94acf8e1b8jpg', '2023-05-16 22:01:51', '2023-05-17 11:49:57', 3),
('BFSN0001', 'F', 'SN', 5, 'B', '生食級大干貝凍乾', '◆使用來自無汙染海域的生食級野生干貝製作\r\n◆低脂肪、低膽固醇、高優質蛋白質\r\n◆冷凍乾燥技術，保留食物完整營養、原肉鮮甜味\r\n◆保鮮技術為全程維持零下二至五度碎冰保鮮\r\n◆台灣合格註冊之食品加工廠，同時經過ISO22000及 HACCP之認證', 'c1b4614fc126c9228dfe53dfd157d91214f04556jpg', '2023-05-16 21:35:32', '2023-05-17 14:10:22', 1),
('BFSN0002', 'F', 'SN', 5, 'B', '凍乾鮪魚菲力塊', '◆肉質來自純淨大西洋海域鮪魚\r\n◆捕撈技術為延繩釣，肉質扎實，非一般網撈捕獲\r\n◆冷凍乾燥技術，保留食物完整營養、原肉鮮甜味\r\n◆保鮮技術為全程維持零下二至五度碎冰保鮮\r\n◆台灣合格註冊之食品加工廠，同時經過ISO22000及 HACCP之認證', '12ab96194dd7b1d0511dc471143117c237445ac4jpg', '2023-05-16 21:40:15', '2023-05-17 14:13:17', 1),
('BFSN0003', 'F', 'SN', 7, 'B', '超鮮甜鮮蝦職貓凍乾', '◆新鮮原肉-40度超低溫冷凍乾燥\r\n◆最大限度的保持原肉\r\n◆鎖住鮮甜度\r\n◆推薦獨家吃法，泡溫水立馬變成Q彈蝦仁\r\n◆貓貓狗狗都都可以食用唷', 'b66b6c33c5465d68559b9add21f5d0f8be91940fjpg', '2023-05-16 21:50:54', '2023-05-16 23:24:51', 1),
('BFSN0004', 'F', 'SN', 6, 'B', '小心雞凍乾雞柳條', '◆使用台灣在地優選雞肉\r\n◆-40度冷凍乾燥技術，保留肉原有風味營養\r\n◆天然製成，無添加防腐劑、化學成份\r\n◆低脂肪、低膽固醇、高優質蛋白質\r\n◆貓貓、狗狗都可以吃唷', '8f868328cf145b293c2185255402e757ea2e1906jpg', '2023-05-16 21:52:47', '2023-05-16 23:24:41', 1),
('BFSN0005', 'F', 'SN', 5, 'B', '鄉村奶香嫩雞泥', '◆特別添加牛磺酸、維生素E\r\n◆真魚真肉濃郁無法擋\r\n◆嚴選優質美味食材\r\n◆當點心或訓練、獎勵時直接餵食\r\n◆花式搭配，營養更加倍', 'a7853ce09029feee7ca7b954c5a65afd55a0f929jpg', '2023-05-16 21:56:43', '2023-05-17 14:19:51', 1),
('CFCA0001', 'F', 'CA', 5, 'C', '奢華嫩鮭魚大餐', '◆特別添加牛磺酸+絲蘭+維生素E\r\n◆嚴選大塊鮪魚與雞肉作為基底\r\n◆蛋白質含量高、低脂肪、不油膩\r\n◆挑嘴貓最愛，口感豐富\r\n◆補水好幫手，肉量不減', '6fb97ea70ec6f4deeb17368828d59b2ac6642ee3jpg', '2023-05-16 22:04:49', '2023-05-16 23:24:12', 1),
('CFCA0002', 'F', 'CA', 5, 'C', '喝口湯吧-鮪魚柴魚煲湯', '◆特別添加牛磺酸+絲蘭+維生素E\r\n◆美味必備的豐富口感層次，每口都吃到肉肉\r\n◆補水神罐!香氣四溢讓不愛喝水的貓愛上\r\n◆富含蛋白質不油膩，提供貓完整均衡營養\r\n◆消化不良和牙齒不好的貓也能大口大口吃', 'd62d3119b8d171ccb1c2e33a6e6d20b8df60ed58jpg', '2023-05-17 09:15:21', '2023-05-17 09:15:21', 1),
('CFCA0003', 'F', 'CA', 8, 'C', '屁孩奶霜主食罐', '◆陪心特調慕斯質地，方便幼貓舔食\r\n◆零澱粉、零穀物、無添加爭議性膠類\r\n◆最符合幼貓一餐所需的營養主食罐\r\n◆符合AAFCO&amp;NRC建議之營養標準', 'a02861ac4881f823769bb92772c7cc1fbd67f605jpg', '2023-05-17 10:10:32', '2023-05-17 10:10:32', 1),
('CFCA0004', 'F', 'CA', 11, 'C', '優選貓咪餐包-鮭魚', '為成年貓咪準備的優質貓咪濕食。\r\n即使是最挑剔的貓科美食家，也拒絕不了的良好嗜口性。\r\n肉類含量高，並為您的貓提供必需的水分。\r\n無人工香精、色素及防腐劑。', 'd7effab3a10569f5fde436ff8a45ee747f758c74jpg', '2023-05-17 10:47:45', '2023-05-17 10:47:45', 1),
('CFCA0005', 'F', 'CA', 11, 'C', '優選貓咪餐包-鱈魚', '為成年貓咪準備的優質貓咪濕食。\r\n即使是最挑剔的貓科美食家，也拒絕不了的良好嗜口性。\r\n肉類含量高，並為您的貓提供必需的水分。\r\n無人工香精、色素及防腐劑。', 'f9808caa1badb4bc848655350b0cc496cf49191cjpg', '2023-05-17 10:52:27', '2023-05-17 10:52:27', 1),
('CFCA0006', 'F', 'CA', 5, 'C', '優選貓咪餐包', '為成年貓咪準備的優質貓咪濕食。\r\n即使是最挑剔的貓科美食家，也拒絕不了的良好嗜口性。\r\n肉類含量高，並為您的貓提供必需的水分。\r\n無人工香精、色素及防腐劑。', 'e05b3dde472946eb7437e8d768752b63528a72ddjpg', '2023-05-17 10:53:47', '2023-05-17 10:53:47', 1),
('CFCA0007', 'F', 'CA', 11, 'C', '優選貓咪餐包-雞肉塊', '為幼貓準備的優質貓咪濕食。\r\n即使是最挑剔的貓科美食家，也拒絕不了的良好嗜口性。\r\n肉類含量高，\r\n為您的貓提供必需的水分。\r\n無人工香精、色素及防腐劑。', '5642407f8951324e14fe47bad7e8f6a819944ae5jpg', '2023-05-17 10:55:07', '2023-05-17 10:55:07', 1),
('CFFE0001', 'F', 'FE', 9, 'C', '機能伴食鮪魚乾雞肉酥', '◆純雞肉烘烤與與澎湖鮪魚製成\r\n◆零添加鹽巴及調味產品\r\n◆離胺酸 補充體內必須的重要胺基酸之一\r\n◆手工烘烤 不油膩\r\n◆罐裝保存 內附拌食小湯匙', '502795ea7252d9a11f2033249380e7960e19c591jpg', '2023-05-17 10:19:00', '2023-05-17 10:19:00', 1),
('CFSN0001', 'F', 'SN', 7, 'C', '職貓肉泥-鮪伊勢海老', '◆特別添加抗氧化配方，增加自然抵抗力\r\n◆維他命E，維持皮毛健康、心血管保健\r\n◆牛磺酸，保持眼睛明亮\r\n◆嚴選新鮮食材，原肉由養價值高\r\n◆享用零食同時補充水份', 'c3e2b2a8929c7f89cca1a736dc05623592a1398ajpg', '2023-05-16 21:59:10', '2023-05-17 04:36:30', 1),
('CFSN0002', 'F', 'SN', 11, 'C', '「搖!搖! 超級水果」酥脆貓零食', '◆酥脆貓零食\r\n◆適合已結紮的貓咪\r\n◆鬆脆無穀物超級食物零食系列+超級水果\r\n◆產地:捷克', 'e5e31ac044c022ecabbc4aaed66cced56611414ejpg', '2023-05-17 10:29:46', '2023-05-17 10:29:46', 1),
('CFSN0003', 'F', 'SN', 11, 'C', '「搖!搖! 超級水果」酥脆貓零食-鮭魚', '◆酥脆貓零食\r\n◆適合已結紮的貓咪\r\n◆鬆脆無穀物超級食物零食系列+超級水果\r\n◆產地:捷克', '6180b13440eef61f9c849485587700060cf0df4cjpg', '2023-05-17 10:33:38', '2023-05-17 10:33:38', 1),
('CFSN0004', 'F', 'SN', 10, 'C', '2種造型燒夾心餅乾', '◆2種口味，2種造型\r\n◆為貓帶來豐富的味覺及口感享受\r\n◆水份達至70％\r\n◆可直接餵食或加入飼料裡\r\n◆添加綠茶消臭成分，有助減少貓咪糞便的異味', 'b7581f25c54141150d4496e12745691d42e1d0b6jpg', '2023-05-17 10:38:19', '2023-05-17 10:38:19', 1),
('CFSN0005', 'F', 'SN', 10, 'C', '2種造型燒夾心餅乾-鮪魚+蟹肉', '◆2種口味，2種造型\r\n◆為貓帶來豐富的味覺及口感享受\r\n◆水份達至70％\r\n◆可直接餵食或加入飼料裡\r\n◆添加綠茶消臭成分，有助減少貓咪糞便的異味', '556842e180163f32daa6794e380f93c61e3253eajpg', '2023-05-17 10:41:49', '2023-05-17 10:41:49', 1),
('CFSN0006', 'F', 'SN', 10, 'C', '2種造型燒夾心餅乾-鮪魚+魷魚', '◆2種口味，2種造型\r\n◆為貓帶來豐富的味覺及口感享受\r\n◆水份達至70％\r\n◆可直接餵食或加入飼料裡\r\n◆添加綠茶消臭成分，有助減少貓咪糞便的異味', 'd0ed2460cd1eb0796af0d8b6b053adf7365d72e0jpg', '2023-05-17 10:43:41', '2023-05-17 10:43:41', 1),
('CGOT0001', 'G', 'OT', 6, 'C', '大白鵝造型寵物睡窩', '◆環狀圓窩設計，滿足貓咪愛捲曲天性\r\n◆營造安全感的同時，讓貓咪舒適依靠\r\n◆水晶超柔軟短毛絨\r\n◆360&deg;支撐，立體造型，厚實不易變形\r\n◆防滑滴塑設計，防潮防滑', 'f7d024fe053482d975bc64b4873125f4ff76e424jpg', '2023-05-17 05:02:34', '2023-05-17 05:02:34', 1),
('CGOT0002', 'G', 'OT', 6, 'C', 'ZEZE 樹下青松寵物床', '◆人造板作為青松的樹幹，材質堅硬\r\n◆樹幹使用了劍麻布和顆粒羊絨材質\r\n◆吊卡藏著清新的貓薄荷，有效調節貓咪心情\r\n◆寵物床使用PP棉填充，安全柔軟\r\n◆飽滿的填充物，彈性更好不易變形，四季通用', '50f1ecf2572dfbed3adca81d025978568054238bjpg', '2023-05-17 05:10:10', '2023-05-17 05:10:10', 1),
('DFFE0001', 'F', 'FE', 4, 'D', '親親系列-成犬腸胃敏感(低脂配方) ', '優質肉品-來自雞肉及鮭魚等優質蛋白質\r\n無穀-0%穀物\r\n低敏-不使用大豆、玉米、小麥、人工色素、人工香料及人工防腐劑\r\n豐富蔬果-礦物質、維生素及抗氧化能力維持強健免疫機能\r\nOmega-3 &amp; 6-優質不飽和脂肪酸，維持皮膚健康、毛髮閃亮\r\n益生菌&amp;益菌生-維持消化機能、調整體質', '911b4b1aaa62a2d7d0cd0f3afd0f17f9f09cd83cjpg', '2023-05-17 14:30:14', '2023-05-17 14:30:14', 1),
('DFFE0002', 'F', 'FE', 4, 'D', '零穀系列-0%零穀', '含Omega 3、Omega 6脂肪酸可使毛髮柔亮\r\n極致零穀配方，降低易敏毛孩過敏機率\r\n複合型動物性蛋白質提供完整胺基酸與蛋白質\r\n鮮採5種蔬果富含維生素、礦物質與抗氧化物，增強抵抗力\r\n添加腸益菌/益菌生整腸助消化，營養好吸收', '3fc0e99913a948c6f9f0f50e7b1436940947e8eajpg', '2023-05-17 14:34:19', '2023-05-17 14:34:19', 1);

-- --------------------------------------------------------

--
-- Table structure for table `shop_prodet`
--

CREATE TABLE `shop_prodet` (
  `proDet_sid` varchar(255) NOT NULL COMMENT '品項編號',
  `pro_sid` varchar(255) NOT NULL COMMENT '產品編號',
  `proDet_name` varchar(255) NOT NULL COMMENT '品項名稱',
  `proDet_price` int(11) NOT NULL COMMENT '產品價格',
  `proDet_qty` int(11) NOT NULL COMMENT '產品數量',
  `proDet_img` varchar(255) DEFAULT NULL COMMENT '品項照片名稱',
  `pro_forAge` int(11) NOT NULL COMMENT '適用年齡(001幼年/ 002成年/ 003高齡/ 004全齡)'
) ENGINE=InnoDB DEFAULT CHARSET=utf8mb4;

--
-- Dumping data for table `shop_prodet`
--

INSERT INTO `shop_prodet` (`proDet_sid`, `pro_sid`, `proDet_name`, `proDet_price`, `proDet_qty`, `proDet_img`, `pro_forAge`) VALUES
('01', 'BFCA0001', '雞肉+0.6kg', 78, 300, '', 4),
('01', 'BFSN0001', '干貝+0.2kg', 299, 500, '', 4),
('01', 'BFSN0002', '鮪魚+0.4kg', 220, 500, '', 4),
('01', 'BFSN0003', '蝦+0.2kg', 199, 500, '', 4),
('01', 'BFSN0004', '雞肉+0.5kg', 169, 500, '', 4),
('01', 'BFSN0005', '雞肉+羊奶+0.6kg', 68, 300, '', 2),
('01', 'CFCA0001', '鮭魚+0.8kg', 25, 300, '', 4),
('01', 'CFCA0002', '鮪魚+0.8kg', 27, 300, '', 4),
('01', 'CFCA0003', '雞肉+鮪魚+0.2kg', 75, 300, '', 1),
('01', 'CFCA0004', '鮭魚+0.1kg', 99, 300, '', 2),
('01', 'CFCA0005', '鱈魚+0.1kg', 99, 300, '', 2),
('01', 'CFCA0006', '雞肉+0.1kg', 99, 300, '', 2),
('01', 'CFCA0007', '雞肉+0.1kg', 99, 300, '', 1),
('01', 'CFFE0001', '雞肉+鮪魚+0.1kg', 149, 300, '', 4),
('01', 'CFSN0001', '鮪魚+0.6kg', 55, 300, '', 4),
('01', 'CFSN0002', '鯡魚+0.1kg', 125, 300, '', 2),
('01', 'CFSN0003', '鮭魚+0.1kg', 125, 300, '', 2),
('01', 'CFSN0004', '鮪魚+蝦子+0.3kg', 69, 300, '', 4),
('01', 'CFSN0005', '鮪魚+蟹肉+0.3kg', 69, 300, '', 4),
('01', 'CFSN0006', '鮪魚+魷魚+0.3kg', 69, 300, '', 4),
('01', 'CGOT0001', 'M+毛絨', 799, 300, '2f5f1d9894ec2f3e7ec4a9e84701c8ebae8e99d4jpg', 4),
('01', 'CGOT0002', 'S+羊絨+PP棉填充', 1780, 300, '5f45df4b46df28a35971b832284da86031134294jpg', 4),
('01', 'DFFE0001', '雞肉+鮪魚+7kg', 2150, 300, '', 2),
('01', 'DFFE0002', '鮭魚+2.5kg', 560, 300, '5e0d17b58fe043bc52925f4c9da2a6ea9915b4aajpg', 4),
('02', 'CGOT0001', 'L+毛絨', 999, 300, '0d0aee35bff1665493bfccb25df497e7d8d84b64jpg', 4),
('02', 'CGOT0002', 'M+羊絨+PP棉填充', 1980, 300, '', 4),
('02', 'DFFE0002', '牛肉+7kg', 1000, 300, 'b51f13aca551360e6af0a20429798d014458af1cjpg', 4);

-- --------------------------------------------------------

--
-- Table structure for table `shop_prospec`
--

CREATE TABLE `shop_prospec` (
  `prod_sid` varchar(255) NOT NULL COMMENT '產品編號',
  `prodDet_sid` varchar(255) NOT NULL COMMENT '品項編號',
  `spec_sid` int(11) NOT NULL COMMENT '規格大類編號',
  `specDet_sid` int(11) NOT NULL COMMENT '規格個別編號'
) ENGINE=InnoDB DEFAULT CHARSET=utf8mb4;

--
-- Dumping data for table `shop_prospec`
--

INSERT INTO `shop_prospec` (`prod_sid`, `prodDet_sid`, `spec_sid`, `specDet_sid`) VALUES
('BFCA0001', '01', 4, 3),
('BFCA0001', '01', 5, 11),
('BFSN0001', '01', 4, 6),
('BFSN0001', '01', 5, 9),
('BFSN0002', '01', 4, 7),
('BFSN0003', '01', 4, 9),
('BFSN0003', '01', 5, 9),
('BFSN0004', '01', 4, 3),
('BFSN0004', '01', 5, 12),
('BFSN0005', '01', 4, 8),
('BFSN0005', '01', 5, 11),
('CFCA0001', '01', 4, 5),
('CFCA0001', '01', 5, 14),
('CFCA0002', '01', 4, 7),
('CFCA0002', '01', 5, 14),
('CFCA0003', '01', 4, 10),
('CFCA0003', '01', 5, 9),
('CFCA0004', '01', 4, 15),
('CFCA0004', '01', 5, 15),
('CFCA0005', '01', 4, 16),
('CFCA0005', '01', 5, 15),
('CFCA0006', '01', 4, 3),
('CFCA0006', '01', 5, 15),
('CFCA0007', '01', 4, 3),
('CFCA0007', '01', 5, 15),
('CFFE0001', '01', 4, 10),
('CFFE0001', '01', 5, 15),
('CFSN0001', '01', 4, 7),
('CFSN0001', '01', 5, 11),
('CFSN0002', '01', 4, 11),
('CFSN0002', '01', 5, 15),
('CFSN0003', '01', 4, 15),
('CFSN0003', '01', 5, 15),
('CFSN0004', '01', 4, 12),
('CFSN0004', '01', 5, 16),
('CFSN0005', '01', 4, 13),
('CFSN0005', '01', 5, 16),
('CFSN0006', '01', 4, 14),
('CFSN0006', '01', 5, 16),
('CGOT0001', '01', 1, 3),
('CGOT0001', '01', 6, 1),
('CGOT0001', '02', 1, 4),
('CGOT0001', '02', 6, 1),
('CGOT0002', '01', 1, 2),
('CGOT0002', '01', 6, 3),
('CGOT0002', '02', 1, 3),
('CGOT0002', '02', 6, 3),
('DFFE0001', '01', 2, 1),
('DFFE0001', '01', 4, 10),
('DFFE0001', '01', 5, 6),
('DFFE0002', '01', 4, 15),
('DFFE0002', '01', 5, 3),
('DFFE0002', '02', 4, 1),
('DFFE0002', '02', 5, 6);

-- --------------------------------------------------------

--
-- Table structure for table `shop_spec`
--

CREATE TABLE `shop_spec` (
  `spec_sid` int(11) NOT NULL COMMENT '規格大類編號',
  `specDet_sid` int(11) NOT NULL COMMENT '規格個別編號',
  `spec_name` varchar(255) NOT NULL COMMENT '規格大類別',
  `specDet_name` varchar(255) NOT NULL COMMENT '各規格明細'
) ENGINE=InnoDB DEFAULT CHARSET=utf8mb4;

--
-- Dumping data for table `shop_spec`
--

INSERT INTO `shop_spec` (`spec_sid`, `specDet_sid`, `spec_name`, `specDet_name`) VALUES
(1, 1, '尺寸', 'XS'),
(1, 2, '尺寸', 'S'),
(1, 3, '尺寸', 'M'),
(1, 4, '尺寸', 'L'),
(1, 5, '尺寸', 'XL'),
(1, 6, '尺寸', '2XL'),
(1, 7, '尺寸', '3XL'),
(2, 1, '容量', '220ml'),
(2, 2, '容量', '520ml'),
(2, 3, '容量', '500ml'),
(3, 1, '顏色', '紅色'),
(3, 2, '顏色', '粉色'),
(3, 3, '顏色', '紫色'),
(3, 4, '顏色', '天空藍'),
(3, 5, '顏色', '深藍色'),
(3, 6, '顏色', '灰色'),
(3, 7, '顏色', '綠色'),
(3, 8, '顏色', '黑色'),
(3, 9, '顏色', '白色'),
(4, 1, '成分', '牛肉'),
(4, 2, '成分', '豬肉'),
(4, 3, '成分', '雞肉'),
(4, 4, '成分', '羊肉'),
(4, 5, '成分', '鮭魚'),
(4, 6, '成分', '干貝'),
(4, 7, '成分', '鮪魚'),
(4, 8, '成分', '雞肉+羊奶'),
(4, 9, '成分', '蝦'),
(4, 10, '成分', '雞肉+鮪魚'),
(4, 11, '成分', '鯡魚'),
(4, 12, '成分', '鮪魚+蝦子'),
(4, 13, '成分', '鮪魚+蟹肉'),
(4, 14, '成分', '鮪魚+魷魚'),
(4, 15, '成分', '鮭魚'),
(4, 16, '成分', '鱈魚'),
(4, 17, '成分', '魚油'),
(5, 1, '重量', '1.5kg'),
(5, 2, '重量', '2kg'),
(5, 3, '重量', '2.5kg'),
(5, 4, '重量', '3kg'),
(5, 5, '重量', '4kg'),
(5, 6, '重量', '7kg'),
(5, 7, '重量', '16kg'),
(5, 8, '重量', '32kg'),
(5, 9, '重量', '0.2kg'),
(5, 10, '重量', '0.4kg'),
(5, 11, '重量', '0.6kg'),
(5, 12, '重量', '0.5kg'),
(5, 13, '重量', '0.7kg'),
(5, 14, '重量', '0.8kg'),
(5, 15, '重量', '0.1kg'),
(5, 16, '重量', '0.3kg'),
(6, 1, '材質', '毛絨'),
(6, 2, '材質', '塑膠'),
(6, 3, '材質', '羊絨+PP棉填充');

-- --------------------------------------------------------

--
-- Table structure for table `shop_sup`
--

CREATE TABLE `shop_sup` (
  `sup_sid` int(11) NOT NULL COMMENT '供應商編號',
  `sup_MIW_sid` int(11) NOT NULL COMMENT '產地編號',
  `sup_name` varchar(255) NOT NULL COMMENT '品牌',
  `sup_MIW` varchar(255) NOT NULL COMMENT '產地'
) ENGINE=InnoDB DEFAULT CHARSET=utf8mb4;

--
-- Dumping data for table `shop_sup`
--

INSERT INTO `shop_sup` (`sup_sid`, `sup_MIW_sid`, `sup_name`, `sup_MIW`) VALUES
(1, 1, 'Farmina 法米納', '義大利'),
(2, 2, 'Natural Pet 耐吉斯', '美國'),
(3, 3, 'Orijen 極致', '加拿大'),
(4, 2, 'Toma-Pro 優格', '美國'),
(5, 4, 'Eat\'s 易特廚', '台灣'),
(6, 4, '小心雞', '台灣'),
(7, 4, '喵食堂', '台灣'),
(8, 4, 'NU4PET 陪心寵糧', '台灣'),
(9, 4, '毛孩舟舟', '台灣'),
(10, 4, 'INABA 日本', '日本'),
(11, 5, 'Brit 咘莉', '捷克'),
(12, 4, '毛孩時代', '台灣');

--
-- Indexes for dumped tables
--

--
-- Indexes for table `act_group`
--
ALTER TABLE `act_group`
  ADD PRIMARY KEY (`group_sid`);

--
-- Indexes for table `act_info`
--
ALTER TABLE `act_info`
  ADD PRIMARY KEY (`act_sid`);

--
-- Indexes for table `act_pic`
--
ALTER TABLE `act_pic`
  ADD PRIMARY KEY (`act_pic_sid`);

--
-- Indexes for table `act_type`
--
ALTER TABLE `act_type`
  ADD PRIMARY KEY (`type_sid`);

--
-- Indexes for table `mem_address`
--
ALTER TABLE `mem_address`
  ADD PRIMARY KEY (`address_sid`);

--
-- Indexes for table `mem_admin`
--
ALTER TABLE `mem_admin`
  ADD PRIMARY KEY (`admin_sid`);

--
-- Indexes for table `mem_coupon_send`
--
ALTER TABLE `mem_coupon_send`
  ADD PRIMARY KEY (`couponSend_sid`);

--
-- Indexes for table `mem_coupon_type`
--
ALTER TABLE `mem_coupon_type`
  ADD PRIMARY KEY (`coupon_sid`);

--
-- Indexes for table `mem_member`
--
ALTER TABLE `mem_member`
  ADD PRIMARY KEY (`member_sid`);

--
-- Indexes for table `ord_cart`
--
ALTER TABLE `ord_cart`
  ADD PRIMARY KEY (`cart_sid`);

--
-- Indexes for table `ord_details`
--
ALTER TABLE `ord_details`
  ADD PRIMARY KEY (`ord_seq_sid`);

--
-- Indexes for table `ord_order`
--
ALTER TABLE `ord_order`
  ADD PRIMARY KEY (`order_sid`);

--
-- Indexes for table `post_board`
--
ALTER TABLE `post_board`
  ADD PRIMARY KEY (`board_sid`);

--
-- Indexes for table `post_comment`
--
ALTER TABLE `post_comment`
  ADD PRIMARY KEY (`comment_sid`);

--
-- Indexes for table `post_file`
--
ALTER TABLE `post_file`
  ADD PRIMARY KEY (`file_sid`,`post_sid`);

--
-- Indexes for table `post_follow`
--
ALTER TABLE `post_follow`
  ADD PRIMARY KEY (`board_sid`,`member_sid`);

--
-- Indexes for table `post_like`
--
ALTER TABLE `post_like`
  ADD PRIMARY KEY (`post_sid`,`member_sid`);

--
-- Indexes for table `post_list_admin`
--
ALTER TABLE `post_list_admin`
  ADD PRIMARY KEY (`post_sid`);

--
-- Indexes for table `post_list_member`
--
ALTER TABLE `post_list_member`
  ADD PRIMARY KEY (`post_sid`);

--
-- Indexes for table `rest_book`
--
ALTER TABLE `rest_book`
  ADD PRIMARY KEY (`book_sid`);

--
-- Indexes for table `rest_catg`
--
ALTER TABLE `rest_catg`
  ADD PRIMARY KEY (`catg_sid`);

--
-- Indexes for table `rest_cmt`
--
ALTER TABLE `rest_cmt`
  ADD PRIMARY KEY (`m_sid`,`rest_sid`);

--
-- Indexes for table `rest_img`
--
ALTER TABLE `rest_img`
  ADD PRIMARY KEY (`rest_sid`,`img_sid`);

--
-- Indexes for table `rest_info`
--
ALTER TABLE `rest_info`
  ADD PRIMARY KEY (`rest_sid`);

--
-- Indexes for table `rest_menu`
--
ALTER TABLE `rest_menu`
  ADD PRIMARY KEY (`menu_sid`,`rest_sid`) USING BTREE;

--
-- Indexes for table `rest_rule`
--
ALTER TABLE `rest_rule`
  ADD PRIMARY KEY (`r_sid`);

--
-- Indexes for table `rest_svc`
--
ALTER TABLE `rest_svc`
  ADD PRIMARY KEY (`s_sid`);

--
-- Indexes for table `shop_cat`
--
ALTER TABLE `shop_cat`
  ADD PRIMARY KEY (`cat_sid`,`catDet_sid`) USING BTREE;

--
-- Indexes for table `shop_com`
--
ALTER TABLE `shop_com`
  ADD PRIMARY KEY (`proCom_sid`);

--
-- Indexes for table `shop_pro`
--
ALTER TABLE `shop_pro`
  ADD PRIMARY KEY (`pro_sid`);

--
-- Indexes for table `shop_prodet`
--
ALTER TABLE `shop_prodet`
  ADD PRIMARY KEY (`proDet_sid`,`pro_sid`) USING BTREE;

--
-- Indexes for table `shop_prospec`
--
ALTER TABLE `shop_prospec`
  ADD PRIMARY KEY (`prod_sid`,`prodDet_sid`,`spec_sid`,`specDet_sid`) USING BTREE;

--
-- Indexes for table `shop_spec`
--
ALTER TABLE `shop_spec`
  ADD PRIMARY KEY (`spec_sid`,`specDet_sid`) USING BTREE;

--
-- Indexes for table `shop_sup`
--
ALTER TABLE `shop_sup`
  ADD PRIMARY KEY (`sup_sid`);

--
-- AUTO_INCREMENT for dumped tables
--

--
-- AUTO_INCREMENT for table `act_group`
--
ALTER TABLE `act_group`
  MODIFY `group_sid` int(11) NOT NULL AUTO_INCREMENT, AUTO_INCREMENT=56;

--
-- AUTO_INCREMENT for table `act_info`
--
ALTER TABLE `act_info`
  MODIFY `act_sid` int(11) NOT NULL AUTO_INCREMENT, AUTO_INCREMENT=56;

--
-- AUTO_INCREMENT for table `act_pic`
--
ALTER TABLE `act_pic`
  MODIFY `act_pic_sid` int(11) NOT NULL AUTO_INCREMENT;

--
-- AUTO_INCREMENT for table `act_type`
--
ALTER TABLE `act_type`
  MODIFY `type_sid` int(11) NOT NULL AUTO_INCREMENT, AUTO_INCREMENT=6;

--
-- AUTO_INCREMENT for table `mem_address`
--
ALTER TABLE `mem_address`
  MODIFY `address_sid` int(11) NOT NULL AUTO_INCREMENT, AUTO_INCREMENT=3;

--
-- AUTO_INCREMENT for table `mem_admin`
--
ALTER TABLE `mem_admin`
  MODIFY `admin_sid` int(11) NOT NULL AUTO_INCREMENT, AUTO_INCREMENT=2;

--
-- AUTO_INCREMENT for table `mem_coupon_send`
--
ALTER TABLE `mem_coupon_send`
  MODIFY `couponSend_sid` int(11) NOT NULL AUTO_INCREMENT, AUTO_INCREMENT=1025;

--
-- AUTO_INCREMENT for table `ord_cart`
--
ALTER TABLE `ord_cart`
  MODIFY `cart_sid` int(11) NOT NULL AUTO_INCREMENT COMMENT '購物車流水號', AUTO_INCREMENT=27;

--
-- AUTO_INCREMENT for table `ord_details`
--
ALTER TABLE `ord_details`
  MODIFY `ord_seq_sid` int(11) NOT NULL AUTO_INCREMENT COMMENT '訂單明細序號', AUTO_INCREMENT=7;

--
-- AUTO_INCREMENT for table `post_board`
--
ALTER TABLE `post_board`
  MODIFY `board_sid` int(11) NOT NULL AUTO_INCREMENT COMMENT '看板編號', AUTO_INCREMENT=14;

--
-- AUTO_INCREMENT for table `post_comment`
--
ALTER TABLE `post_comment`
  MODIFY `comment_sid` int(11) NOT NULL AUTO_INCREMENT COMMENT '留言編號';

--
-- AUTO_INCREMENT for table `post_file`
--
ALTER TABLE `post_file`
  MODIFY `file_sid` int(11) NOT NULL AUTO_INCREMENT COMMENT '相片/影片', AUTO_INCREMENT=2;

--
-- AUTO_INCREMENT for table `post_list_admin`
--
ALTER TABLE `post_list_admin`
  MODIFY `post_sid` int(11) NOT NULL AUTO_INCREMENT COMMENT '文章編號', AUTO_INCREMENT=171;

--
-- AUTO_INCREMENT for table `post_list_member`
--
ALTER TABLE `post_list_member`
  MODIFY `post_sid` int(11) NOT NULL AUTO_INCREMENT COMMENT '文章編號', AUTO_INCREMENT=55;

--
-- AUTO_INCREMENT for table `rest_book`
--
ALTER TABLE `rest_book`
  MODIFY `book_sid` int(11) NOT NULL AUTO_INCREMENT;

--
-- AUTO_INCREMENT for table `rest_catg`
--
ALTER TABLE `rest_catg`
  MODIFY `catg_sid` int(11) NOT NULL AUTO_INCREMENT, AUTO_INCREMENT=14;

--
-- AUTO_INCREMENT for table `rest_info`
--
ALTER TABLE `rest_info`
  MODIFY `rest_sid` int(11) NOT NULL AUTO_INCREMENT COMMENT '餐廳編號', AUTO_INCREMENT=37;

--
-- AUTO_INCREMENT for table `rest_rule`
--
ALTER TABLE `rest_rule`
  MODIFY `r_sid` int(11) NOT NULL AUTO_INCREMENT COMMENT '規則編號', AUTO_INCREMENT=9;

--
-- AUTO_INCREMENT for table `rest_svc`
--
ALTER TABLE `rest_svc`
  MODIFY `s_sid` int(11) NOT NULL AUTO_INCREMENT COMMENT '服務編號', AUTO_INCREMENT=12;

--
-- AUTO_INCREMENT for table `shop_com`
--
ALTER TABLE `shop_com`
  MODIFY `proCom_sid` int(11) NOT NULL AUTO_INCREMENT COMMENT '商品評價編號';

--
-- AUTO_INCREMENT for table `shop_sup`
--
ALTER TABLE `shop_sup`
  MODIFY `sup_sid` int(11) NOT NULL AUTO_INCREMENT COMMENT '供應商編號', AUTO_INCREMENT=13;
COMMIT;

/*!40101 SET CHARACTER_SET_CLIENT=@OLD_CHARACTER_SET_CLIENT */;
/*!40101 SET CHARACTER_SET_RESULTS=@OLD_CHARACTER_SET_RESULTS */;
/*!40101 SET COLLATION_CONNECTION=@OLD_COLLATION_CONNECTION */;
